,0,1,2,3,4,5,6,7,8,9,10,11,12,13
0,5,0.0,4.0,1.0,2.0,8.0,3.0,1,1,0.0,0.0,20.0,0.0,0
1,5,0.0,9.0,3.0,2.0,1.0,3.0,1,1,0.0,0.0,40.0,0.0,0
2,4,0.0,1.0,1.0,2.0,2.0,1.0,0,1,0.0,0.0,20.0,0.0,0
3,4,0.0,10.0,3.0,0.0,7.0,0.0,1,1,3.0,0.0,40.0,0.0,0
4,5,0.0,8.0,1.0,1.0,7.0,3.0,0,1,0.0,0.0,56.0,0.0,0
5,5,0.0,9.0,3.0,0.0,1.0,2.0,0,1,0.0,0.0,45.0,0.0,0
6,5,0.0,4.0,3.0,2.0,10.0,4.0,1,1,0.0,0.0,40.0,0.0,0
7,4,1.0,3.0,1.0,0.0,9.0,2.0,0,1,0.0,0.0,50.0,0.0,0
8,4,0.0,9.0,1.0,1.0,4.0,3.0,1,1,0.0,0.0,70.0,0.0,0
9,4,0.0,5.0,3.0,0.0,10.0,2.0,1,1,0.0,0.0,40.0,0.0,0
10,4,7.0,2.0,1.0,2.0,13.0,1.0,1,1,0.0,0.0,56.0,0.0,0
11,4,0.0,5.0,0.0,2.0,4.0,1.0,0,1,0.0,0.0,35.0,0.0,0
12,4,0.0,5.0,1.0,2.0,0.0,1.0,0,1,0.0,0.0,15.0,0.0,0
13,4,0.0,4.0,3.0,1.0,1.0,5.0,1,1,0.0,0.0,48.0,0.0,0
14,4,0.0,3.0,9.0,2.0,8.0,3.0,0,1,0.0,0.0,40.0,0.0,0
15,5,0.0,4.0,3.0,0.0,8.0,0.0,0,1,0.0,0.0,40.0,0.0,0
16,4,0.0,9.0,3.0,0.0,5.0,3.0,0,1,0.0,0.0,40.0,0.0,0
17,5,0.0,14.0,1.0,0.0,3.0,2.0,1,1,0.0,0.0,55.0,0.0,0
18,5,5.0,14.0,3.0,0.0,8.0,1.0,1,1,0.0,0.0,40.0,0.0,0
19,4,1.0,4.0,1.0,2.0,2.0,3.0,1,1,0.0,0.0,75.0,0.0,0
20,5,0.0,19.0,3.0,4.0,3.0,5.0,1,1,0.0,0.0,25.0,20.0,0
21,5,0.0,5.0,3.0,0.0,0.0,0.0,0,1,0.0,0.0,38.0,0.0,0
22,4,2.0,6.0,1.0,1.0,4.0,5.0,1,1,0.0,0.0,50.0,0.0,0
23,5,7.0,9.0,1.0,2.0,13.0,1.0,1,1,0.0,0.0,40.0,0.0,0
24,5,5.0,6.0,3.0,0.0,5.0,2.0,1,1,0.0,0.0,40.0,0.0,0
25,4,0.0,8.0,3.0,0.0,3.0,4.0,1,1,0.0,0.0,44.0,17.0,0
26,5,0.0,14.0,3.0,2.0,6.0,1.0,1,1,0.0,0.0,16.0,0.0,0
27,4,0.0,9.0,3.0,4.0,3.0,3.0,1,1,0.0,0.0,40.0,0.0,0
28,4,0.0,4.0,3.0,0.0,2.0,2.0,1,1,0.0,0.0,40.0,11.0,0
29,4,0.0,9.0,2.0,1.0,7.0,5.0,0,1,0.0,0.0,40.0,0.0,0
30,5,0.0,18.0,1.0,1.0,1.0,3.0,1,1,0.0,0.0,40.0,0.0,0
31,5,1.0,5.0,1.0,2.0,5.0,1.0,1,1,0.0,0.0,35.0,0.0,0
32,5,0.0,19.0,1.0,2.0,8.0,1.0,0,1,0.0,0.0,40.0,0.0,0
33,4,0.0,15.0,6.0,0.0,0.0,2.0,0,1,0.0,0.0,40.0,20.0,0
34,4,0.0,10.0,3.0,2.0,8.0,3.0,1,1,0.0,0.0,45.0,0.0,0
35,4,1.0,1.0,3.0,0.0,9.0,2.0,1,1,0.0,0.0,30.0,0.0,0
36,5,5.0,13.0,1.0,2.0,7.0,1.0,0,1,0.0,0.0,40.0,0.0,0
37,4,0.0,4.0,12.0,1.0,1.0,3.0,1,1,0.0,0.0,45.0,0.0,0
38,4,0.0,13.0,0.0,2.0,4.0,3.0,0,1,0.0,0.0,45.0,0.0,0
39,5,0.0,13.0,6.0,2.0,5.0,3.0,1,1,0.0,0.0,43.0,0.0,0
40,5,0.0,11.0,1.0,0.0,1.0,2.0,0,1,0.0,0.0,40.0,0.0,0
41,5,4.0,11.0,3.0,2.0,8.0,5.0,1,1,0.0,0.0,35.0,0.0,0
42,4,0.0,5.0,1.0,1.0,7.0,3.0,0,1,0.0,0.0,40.0,0.0,0
43,4,0.0,5.0,3.0,2.0,2.0,4.0,1,1,0.0,0.0,25.0,0.0,0
44,5,0.0,12.0,1.0,0.0,8.0,2.0,1,1,0.0,0.0,40.0,0.0,0
45,5,5.0,11.0,0.0,1.0,8.0,3.0,1,1,0.0,0.0,40.0,0.0,0
46,5,0.0,34.0,3.0,2.0,6.0,3.0,1,1,0.0,0.0,30.0,0.0,0
47,5,0.0,7.0,1.0,2.0,2.0,1.0,0,1,0.0,0.0,32.0,0.0,0
48,4,1.0,2.0,1.0,0.0,3.0,2.0,1,1,0.0,0.0,45.0,0.0,0
49,4,7.0,5.0,1.0,0.0,13.0,2.0,1,1,0.0,0.0,40.0,0.0,0
50,5,0.0,9.0,3.0,0.0,1.0,2.0,0,1,0.0,0.0,40.0,0.0,0
51,4,0.0,9.0,10.0,2.0,11.0,3.0,0,1,0.0,0.0,45.0,39.0,0
52,5,5.0,1.0,1.0,2.0,10.0,1.0,0,1,0.0,0.0,25.0,0.0,0
53,4,0.0,11.0,1.0,0.0,1.0,2.0,0,1,0.0,0.0,40.0,0.0,0
54,5,0.0,5.0,1.0,2.0,8.0,1.0,1,1,0.0,0.0,26.0,0.0,0
55,4,0.0,7.0,0.0,0.0,12.0,2.0,0,1,0.0,0.0,17.0,0.0,0
56,5,0.0,8.0,3.0,4.0,8.0,5.0,1,1,0.0,0.0,43.0,0.0,0
57,4,7.0,4.0,3.0,0.0,13.0,2.0,1,1,0.0,0.0,40.0,15.0,0
58,5,0.0,13.0,6.0,2.0,1.0,1.0,0,1,0.0,0.0,33.0,0.0,0
59,4,1.0,13.0,1.0,0.0,9.0,2.0,1,1,0.0,0.0,20.0,0.0,0
60,4,0.0,8.0,0.0,1.0,4.0,3.0,0,1,0.0,0.0,50.0,0.0,0
61,4,0.0,1.0,1.0,1.0,8.0,5.0,0,1,0.0,0.0,40.0,0.0,0
62,5,3.0,5.0,3.0,1.0,8.0,5.0,1,1,0.0,0.0,40.0,0.0,0
63,5,0.0,9.0,11.0,2.0,11.0,3.0,0,1,0.0,0.0,40.0,31.0,0
64,5,0.0,10.0,3.0,0.0,1.0,2.0,1,1,0.0,0.0,40.0,0.0,0
65,5,0.0,2.0,1.0,2.0,0.0,3.0,0,1,0.0,0.0,60.0,0.0,0
66,4,0.0,11.0,3.0,0.0,7.0,2.0,0,1,0.0,0.0,40.0,0.0,0
67,4,0.0,6.0,1.0,2.0,10.0,5.0,1,1,0.0,0.0,20.0,3.0,0
68,4,5.0,9.0,0.0,1.0,5.0,3.0,1,1,0.0,0.0,40.0,0.0,0
69,5,0.0,6.0,12.0,3.0,8.0,3.0,1,1,0.0,0.0,47.0,18.0,0
70,5,1.0,8.0,5.0,0.0,3.0,2.0,1,1,0.0,0.0,50.0,0.0,0
71,4,3.0,14.0,1.0,1.0,8.0,5.0,0,1,0.0,0.0,25.0,0.0,0
72,5,0.0,10.0,3.0,1.0,2.0,3.0,0,1,0.0,0.0,35.0,0.0,0
73,5,4.0,5.0,10.0,2.0,5.0,3.0,1,1,0.0,0.0,40.0,0.0,0
74,4,4.0,11.0,1.0,0.0,12.0,2.0,0,1,0.0,0.0,42.0,0.0,0
75,4,5.0,5.0,0.0,2.0,5.0,3.0,1,1,0.0,0.0,35.0,0.0,0
76,5,0.0,1.0,3.0,4.0,3.0,3.0,0,1,0.0,0.0,50.0,0.0,0
77,4,4.0,8.0,1.0,1.0,5.0,3.0,0,1,0.0,0.0,40.0,0.0,0
78,5,0.0,13.0,1.0,3.0,0.0,5.0,1,1,3.0,0.0,40.0,0.0,0
79,5,0.0,12.0,11.0,2.0,7.0,1.0,1,1,0.0,0.0,40.0,3.0,0
80,4,0.0,12.0,14.0,0.0,8.0,2.0,1,1,0.0,0.0,40.0,20.0,0
81,5,0.0,15.0,14.0,3.0,7.0,3.0,1,1,0.0,0.0,40.0,0.0,0
82,4,0.0,3.0,2.0,1.0,2.0,5.0,1,1,0.0,0.0,15.0,0.0,0
83,4,5.0,10.0,10.0,2.0,5.0,3.0,1,1,0.0,0.0,38.0,0.0,0
84,5,1.0,14.0,1.0,0.0,9.0,2.0,0,1,3.0,0.0,8.0,0.0,0
85,5,0.0,4.0,1.0,0.0,1.0,2.0,0,1,0.0,0.0,40.0,0.0,0
86,5,0.0,27.0,0.0,3.0,4.0,5.0,1,1,0.0,0.0,40.0,0.0,0
87,4,0.0,6.0,12.0,2.0,6.0,1.0,0,1,0.0,0.0,24.0,0.0,0
88,5,0.0,8.0,5.0,0.0,5.0,2.0,0,1,0.0,0.0,40.0,0.0,0
89,4,1.0,1.0,3.0,0.0,4.0,2.0,1,1,0.0,0.0,45.0,0.0,0
90,5,0.0,2.0,1.0,0.0,3.0,2.0,0,1,0.0,0.0,40.0,0.0,0
91,4,0.0,10.0,1.0,0.0,1.0,2.0,1,1,0.0,0.0,40.0,17.0,0
92,5,0.0,4.0,1.0,0.0,1.0,2.0,1,1,0.0,0.0,40.0,0.0,0
93,4,0.0,11.0,1.0,2.0,6.0,1.0,1,1,0.0,0.0,40.0,0.0,0
94,4,0.0,12.0,1.0,5.0,10.0,3.0,1,1,0.0,0.0,37.0,0.0,0
95,5,0.0,5.0,1.0,2.0,0.0,3.0,0,1,0.0,0.0,16.0,0.0,0
96,5,7.0,6.0,3.0,0.0,13.0,2.0,0,1,0.0,0.0,40.0,0.0,0
97,4,0.0,11.0,3.0,0.0,1.0,2.0,1,1,0.0,0.0,40.0,0.0,0
98,5,0.0,8.0,3.0,0.0,1.0,2.0,1,1,0.0,0.0,40.0,0.0,0
99,4,4.0,11.0,3.0,4.0,4.0,4.0,0,1,0.0,0.0,33.0,0.0,0
100,5,0.0,7.0,1.0,0.0,0.0,2.0,1,1,0.0,0.0,45.0,0.0,0
101,5,0.0,4.0,3.0,0.0,2.0,2.0,0,1,0.0,0.0,42.0,0.0,0
102,5,0.0,4.0,10.0,0.0,4.0,2.0,0,1,5.0,0.0,40.0,0.0,0
103,4,0.0,8.0,3.0,1.0,8.0,5.0,1,1,0.0,0.0,40.0,0.0,0
104,5,0.0,10.0,3.0,0.0,10.0,2.0,0,1,0.0,0.0,40.0,3.0,0
105,4,0.0,18.0,1.0,2.0,0.0,1.0,1,1,0.0,0.0,40.0,0.0,0
106,4,0.0,7.0,3.0,1.0,10.0,3.0,0,1,0.0,0.0,50.0,0.0,0
107,5,0.0,17.0,3.0,0.0,1.0,2.0,1,1,0.0,0.0,40.0,0.0,0
108,4,0.0,19.0,12.0,1.0,1.0,5.0,0,1,0.0,0.0,40.0,0.0,0
109,4,1.0,9.0,3.0,0.0,2.0,0.0,1,1,0.0,0.0,20.0,0.0,0
110,5,0.0,8.0,1.0,4.0,3.0,5.0,0,1,0.0,0.0,50.0,0.0,0
111,4,0.0,9.0,3.0,1.0,3.0,3.0,0,1,0.0,0.0,15.0,0.0,0
112,5,0.0,10.0,1.0,2.0,2.0,5.0,1,1,0.0,0.0,40.0,0.0,0
113,4,0.0,9.0,1.0,0.0,2.0,2.0,0,1,0.0,0.0,40.0,0.0,0
114,5,0.0,1.0,3.0,1.0,4.0,5.0,0,1,0.0,0.0,12.0,0.0,0
115,5,0.0,10.0,1.0,2.0,2.0,1.0,0,1,0.0,0.0,25.0,0.0,0
116,4,0.0,2.0,3.0,4.0,2.0,3.0,1,1,0.0,0.0,24.0,0.0,0
117,5,0.0,13.0,3.0,0.0,1.0,0.0,0,1,0.0,0.0,40.0,0.0,0
118,4,0.0,8.0,10.0,2.0,0.0,3.0,1,1,0.0,0.0,40.0,0.0,0
119,5,0.0,22.0,3.0,0.0,1.0,0.0,1,1,0.0,0.0,40.0,0.0,0
120,4,0.0,9.0,3.0,0.0,12.0,2.0,0,1,0.0,0.0,40.0,0.0,0
121,4,1.0,10.0,1.0,0.0,4.0,0.0,1,1,0.0,0.0,15.0,0.0,0
122,4,1.0,10.0,2.0,2.0,1.0,3.0,0,1,0.0,0.0,40.0,0.0,0
123,4,0.0,24.0,3.0,2.0,7.0,3.0,0,1,0.0,0.0,40.0,0.0,0
124,4,0.0,10.0,3.0,1.0,7.0,3.0,1,1,0.0,0.0,40.0,0.0,0
125,5,0.0,6.0,1.0,0.0,8.0,2.0,1,1,0.0,0.0,40.0,0.0,0
126,5,0.0,10.0,6.0,0.0,0.0,2.0,0,1,5.0,0.0,40.0,0.0,0
127,5,0.0,10.0,1.0,0.0,3.0,2.0,1,1,0.0,0.0,44.0,0.0,0
128,5,0.0,10.0,3.0,0.0,7.0,2.0,1,1,0.0,0.0,60.0,0.0,0
129,5,5.0,3.0,1.0,1.0,8.0,5.0,1,1,0.0,0.0,50.0,0.0,0
130,5,0.0,2.0,1.0,2.0,3.0,3.0,0,1,0.0,0.0,50.0,0.0,0
131,4,1.0,11.0,3.0,0.0,2.0,0.0,1,1,0.0,15.0,20.0,0.0,0
132,5,0.0,21.0,3.0,2.0,4.0,5.0,0,1,0.0,0.0,40.0,0.0,0
133,4,0.0,17.0,2.0,2.0,2.0,1.0,0,1,0.0,0.0,15.0,0.0,0
134,4,0.0,12.0,0.0,2.0,5.0,3.0,0,1,0.0,0.0,30.0,0.0,0
135,4,0.0,6.0,6.0,1.0,3.0,3.0,0,1,0.0,0.0,50.0,0.0,0
136,4,0.0,7.0,6.0,2.0,3.0,3.0,0,1,0.0,0.0,35.0,0.0,0
137,5,0.0,10.0,1.0,2.0,0.0,3.0,0,1,0.0,0.0,40.0,0.0,0
138,4,2.0,10.0,0.0,0.0,1.0,2.0,0,1,0.0,0.0,50.0,4.0,0
139,4,0.0,12.0,3.0,2.0,3.0,3.0,0,1,0.0,0.0,48.0,0.0,0
140,4,5.0,7.0,1.0,1.0,5.0,5.0,1,1,0.0,0.0,40.0,0.0,0
141,5,0.0,10.0,3.0,2.0,3.0,1.0,1,1,0.0,0.0,48.0,0.0,0
142,5,7.0,10.0,5.0,4.0,13.0,3.0,0,1,0.0,0.0,40.0,0.0,0
143,5,0.0,5.0,0.0,0.0,4.0,2.0,1,1,0.0,0.0,40.0,0.0,0
144,5,1.0,1.0,12.0,1.0,1.0,3.0,0,1,0.0,0.0,45.0,0.0,0
145,4,1.0,2.0,6.0,1.0,4.0,5.0,1,1,0.0,0.0,35.0,0.0,0
146,4,0.0,12.0,12.0,1.0,7.0,3.0,0,1,0.0,0.0,40.0,0.0,0
147,5,0.0,5.0,1.0,2.0,7.0,3.0,0,1,0.0,0.0,40.0,0.0,0
148,5,0.0,3.0,1.0,0.0,1.0,2.0,1,1,0.0,0.0,60.0,0.0,0
149,5,0.0,17.0,2.0,1.0,1.0,3.0,0,1,0.0,0.0,40.0,0.0,0
150,4,0.0,4.0,0.0,2.0,2.0,3.0,1,1,0.0,0.0,21.0,8.0,0
151,5,0.0,8.0,1.0,2.0,2.0,4.0,1,1,4.0,0.0,25.0,0.0,0
152,4,0.0,17.0,3.0,0.0,7.0,2.0,0,1,5.0,0.0,40.0,0.0,0
153,4,0.0,6.0,3.0,2.0,10.0,1.0,0,1,0.0,0.0,40.0,0.0,0
154,5,0.0,4.0,0.0,0.0,6.0,0.0,1,1,0.0,0.0,40.0,17.0,0
155,5,0.0,9.0,1.0,2.0,3.0,3.0,0,1,0.0,0.0,45.0,0.0,0
156,4,3.0,8.0,1.0,2.0,0.0,3.0,1,1,0.0,0.0,40.0,0.0,0
157,5,0.0,7.0,5.0,0.0,1.0,2.0,1,1,0.0,0.0,40.0,0.0,0
158,5,0.0,9.0,3.0,1.0,3.0,5.0,1,1,0.0,0.0,30.0,0.0,0
159,5,1.0,1.0,3.0,5.0,1.0,3.0,1,1,0.0,0.0,40.0,0.0,0
160,5,0.0,9.0,4.0,3.0,5.0,3.0,0,1,0.0,0.0,35.0,0.0,0
161,5,1.0,1.0,6.0,0.0,9.0,2.0,0,1,0.0,0.0,30.0,0.0,0
162,4,0.0,10.0,6.0,2.0,3.0,3.0,0,1,0.0,0.0,45.0,0.0,0
163,5,0.0,16.0,11.0,0.0,7.0,2.0,0,1,0.0,0.0,40.0,20.0,0
164,4,0.0,10.0,5.0,1.0,5.0,5.0,0,1,0.0,0.0,40.0,0.0,0
165,4,0.0,18.0,1.0,2.0,2.0,3.0,0,1,0.0,0.0,30.0,0.0,0
166,4,0.0,4.0,3.0,2.0,3.0,3.0,1,1,2.0,0.0,48.0,0.0,0
167,5,0.0,7.0,3.0,2.0,7.0,1.0,0,1,0.0,0.0,34.0,0.0,0
168,4,5.0,8.0,1.0,2.0,2.0,1.0,1,1,0.0,0.0,20.0,0.0,0
169,5,0.0,9.0,3.0,0.0,3.0,2.0,0,1,0.0,0.0,65.0,0.0,0
170,5,0.0,5.0,3.0,4.0,3.0,5.0,0,1,0.0,0.0,40.0,0.0,0
171,4,0.0,4.0,3.0,0.0,3.0,0.0,1,1,0.0,0.0,38.0,0.0,0
172,5,0.0,16.0,3.0,1.0,8.0,5.0,1,1,0.0,0.0,40.0,0.0,0
173,4,7.0,10.0,1.0,2.0,13.0,1.0,1,1,0.0,0.0,12.0,0.0,0
174,5,0.0,3.0,11.0,2.0,2.0,4.0,0,1,0.0,0.0,25.0,36.0,0
175,4,4.0,7.0,4.0,0.0,5.0,2.0,1,1,0.0,0.0,35.0,0.0,0
176,5,0.0,6.0,3.0,2.0,1.0,1.0,1,1,0.0,0.0,20.0,0.0,0
177,4,0.0,9.0,1.0,2.0,2.0,1.0,1,1,0.0,0.0,37.0,0.0,0
178,5,0.0,11.0,3.0,1.0,6.0,1.0,0,1,0.0,0.0,40.0,0.0,0
179,5,3.0,1.0,6.0,1.0,5.0,5.0,1,1,0.0,0.0,40.0,0.0,0
180,4,0.0,10.0,12.0,0.0,7.0,2.0,0,1,0.0,0.0,40.0,0.0,0
181,5,0.0,4.0,1.0,1.0,8.0,5.0,0,1,0.0,0.0,55.0,0.0,0
182,4,0.0,8.0,12.0,0.0,3.0,2.0,1,1,0.0,0.0,15.0,0.0,0
183,5,0.0,1.0,7.0,2.0,2.0,1.0,1,1,0.0,0.0,30.0,0.0,0
184,4,0.0,1.0,3.0,0.0,1.0,2.0,1,1,0.0,0.0,40.0,0.0,0
185,5,7.0,8.0,12.0,1.0,13.0,3.0,1,1,0.0,0.0,99.0,0.0,0
186,4,7.0,9.0,12.0,2.0,13.0,1.0,0,1,0.0,0.0,20.0,0.0,0
187,4,0.0,5.0,1.0,4.0,3.0,3.0,0,1,0.0,0.0,40.0,0.0,0
188,4,7.0,15.0,1.0,2.0,13.0,3.0,1,1,0.0,0.0,40.0,0.0,0
189,5,0.0,19.0,3.0,0.0,10.0,2.0,1,1,0.0,0.0,35.0,0.0,0
190,4,0.0,7.0,3.0,4.0,3.0,5.0,1,1,0.0,0.0,40.0,0.0,0
191,5,0.0,7.0,1.0,2.0,7.0,3.0,1,1,0.0,0.0,42.0,0.0,0
192,5,0.0,8.0,3.0,0.0,1.0,2.0,0,1,0.0,0.0,40.0,0.0,0
193,5,1.0,10.0,1.0,0.0,1.0,2.0,1,1,0.0,17.0,40.0,0.0,0
194,4,0.0,4.0,0.0,2.0,3.0,3.0,0,1,0.0,0.0,45.0,0.0,0
195,4,0.0,13.0,3.0,4.0,3.0,3.0,0,1,0.0,0.0,38.0,0.0,0
196,5,0.0,11.0,1.0,4.0,4.0,5.0,0,1,0.0,0.0,40.0,0.0,0
197,5,7.0,1.0,3.0,0.0,13.0,0.0,0,1,0.0,0.0,5.0,0.0,0
198,5,0.0,17.0,9.0,2.0,8.0,5.0,1,1,0.0,0.0,40.0,0.0,0
199,4,0.0,29.0,8.0,2.0,2.0,4.0,1,1,0.0,0.0,35.0,31.0,0
200,4,0.0,13.0,6.0,0.0,5.0,2.0,1,1,0.0,0.0,24.0,0.0,0
201,5,0.0,15.0,0.0,0.0,1.0,2.0,0,1,0.0,0.0,40.0,0.0,0
202,4,3.0,12.0,3.0,1.0,8.0,3.0,1,1,0.0,0.0,40.0,0.0,0
203,4,0.0,5.0,3.0,4.0,7.0,3.0,0,1,0.0,0.0,10.0,0.0,0
204,5,0.0,3.0,3.0,0.0,8.0,4.0,0,1,0.0,0.0,40.0,0.0,0
205,5,0.0,12.0,7.0,0.0,12.0,2.0,0,1,0.0,0.0,40.0,31.0,0
206,4,0.0,10.0,14.0,3.0,8.0,4.0,1,1,0.0,0.0,40.0,36.0,0
207,4,0.0,8.0,10.0,2.0,8.0,1.0,0,1,0.0,0.0,40.0,0.0,0
208,4,0.0,36.0,12.0,2.0,2.0,1.0,1,1,0.0,0.0,15.0,0.0,0
209,4,0.0,13.0,10.0,2.0,2.0,3.0,0,1,0.0,0.0,37.0,0.0,0
210,5,0.0,9.0,1.0,2.0,4.0,1.0,1,1,0.0,0.0,40.0,0.0,0
211,4,0.0,17.0,3.0,1.0,2.0,5.0,0,1,0.0,0.0,40.0,0.0,0
212,4,0.0,5.0,0.0,2.0,1.0,3.0,1,1,0.0,0.0,45.0,0.0,0
213,5,0.0,17.0,3.0,1.0,7.0,1.0,1,1,0.0,0.0,40.0,0.0,0
214,5,0.0,3.0,3.0,2.0,1.0,3.0,1,1,0.0,0.0,49.0,0.0,0
215,5,7.0,4.0,10.0,0.0,13.0,2.0,1,1,0.0,0.0,2.0,0.0,0
216,4,3.0,9.0,5.0,0.0,8.0,2.0,0,1,4.0,0.0,40.0,36.0,0
217,5,0.0,8.0,1.0,1.0,4.0,3.0,0,1,0.0,0.0,40.0,0.0,0
218,4,0.0,8.0,3.0,0.0,8.0,1.0,0,1,0.0,0.0,20.0,0.0,0
219,5,0.0,10.0,1.0,4.0,4.0,3.0,0,1,0.0,0.0,45.0,0.0,0
220,4,0.0,4.0,5.0,2.0,3.0,3.0,0,1,0.0,0.0,40.0,0.0,0
221,4,0.0,9.0,3.0,0.0,7.0,2.0,0,1,0.0,0.0,40.0,0.0,0
222,4,0.0,1.0,12.0,2.0,2.0,1.0,0,1,0.0,0.0,16.0,0.0,0
223,4,0.0,2.0,1.0,1.0,8.0,5.0,1,1,0.0,0.0,40.0,0.0,0
224,5,7.0,20.0,1.0,3.0,13.0,3.0,0,1,0.0,0.0,40.0,0.0,0
225,4,0.0,9.0,11.0,4.0,11.0,3.0,0,1,0.0,0.0,30.0,0.0,0
226,5,0.0,11.0,1.0,2.0,5.0,3.0,0,1,3.0,0.0,50.0,0.0,0
227,4,2.0,1.0,3.0,0.0,1.0,2.0,0,1,0.0,0.0,50.0,0.0,0
228,4,0.0,11.0,1.0,0.0,1.0,2.0,0,1,0.0,0.0,35.0,0.0,0
229,4,0.0,6.0,1.0,2.0,5.0,1.0,0,1,0.0,0.0,2.0,0.0,0
230,5,0.0,16.0,9.0,2.0,12.0,1.0,0,1,0.0,0.0,35.0,0.0,0
231,4,4.0,9.0,1.0,0.0,12.0,2.0,1,1,0.0,0.0,40.0,0.0,0
232,4,0.0,8.0,3.0,0.0,8.0,0.0,1,1,0.0,0.0,40.0,0.0,0
233,4,0.0,5.0,2.0,1.0,10.0,1.0,1,1,0.0,0.0,40.0,0.0,0
234,5,0.0,6.0,5.0,2.0,4.0,1.0,1,1,0.0,0.0,40.0,0.0,0
235,5,0.0,10.0,1.0,1.0,9.0,5.0,1,1,0.0,0.0,45.0,0.0,0
236,5,0.0,12.0,3.0,0.0,8.0,2.0,0,1,0.0,0.0,40.0,0.0,0
237,5,0.0,5.0,6.0,0.0,7.0,2.0,1,1,0.0,0.0,40.0,0.0,0
238,5,0.0,7.0,1.0,2.0,8.0,3.0,0,1,0.0,0.0,40.0,0.0,0
239,5,0.0,11.0,3.0,0.0,1.0,2.0,1,1,0.0,0.0,60.0,0.0,0
240,4,0.0,8.0,0.0,2.0,4.0,1.0,1,1,0.0,0.0,40.0,0.0,0
241,4,0.0,12.0,1.0,2.0,5.0,1.0,1,1,0.0,0.0,10.0,0.0,0
242,5,0.0,6.0,1.0,0.0,1.0,2.0,1,1,0.0,0.0,50.0,0.0,0
243,4,0.0,11.0,3.0,0.0,3.0,0.0,1,1,0.0,0.0,35.0,0.0,0
244,4,0.0,7.0,10.0,2.0,8.0,3.0,0,1,0.0,0.0,40.0,0.0,0
245,4,0.0,9.0,3.0,0.0,6.0,2.0,0,1,0.0,0.0,40.0,0.0,0
246,5,0.0,9.0,0.0,2.0,4.0,1.0,0,1,0.0,0.0,40.0,0.0,0
247,5,0.0,8.0,12.0,1.0,2.0,3.0,0,1,0.0,0.0,40.0,0.0,0
248,5,4.0,7.0,10.0,0.0,5.0,2.0,0,1,0.0,16.0,4.0,9.0,0
249,5,0.0,17.0,1.0,2.0,3.0,3.0,1,1,0.0,0.0,40.0,0.0,0
250,4,4.0,13.0,10.0,3.0,4.0,5.0,1,1,0.0,0.0,45.0,0.0,0
251,5,0.0,3.0,8.0,1.0,2.0,5.0,0,1,0.0,0.0,50.0,0.0,0
252,5,0.0,4.0,3.0,0.0,1.0,2.0,1,1,0.0,0.0,40.0,0.0,0
253,5,5.0,5.0,1.0,0.0,9.0,2.0,0,1,0.0,0.0,40.0,0.0,0
254,4,0.0,9.0,3.0,1.0,8.0,5.0,0,1,0.0,0.0,35.0,0.0,0
255,4,1.0,9.0,12.0,0.0,2.0,0.0,1,1,2.0,0.0,40.0,0.0,0
256,4,0.0,6.0,0.0,0.0,4.0,2.0,1,1,0.0,0.0,40.0,0.0,0
257,4,0.0,5.0,1.0,2.0,1.0,3.0,0,1,0.0,0.0,38.0,0.0,0
258,4,0.0,4.0,0.0,0.0,1.0,2.0,0,1,0.0,0.0,40.0,0.0,0
259,5,0.0,24.0,3.0,0.0,6.0,2.0,1,1,0.0,0.0,40.0,0.0,0
260,4,0.0,11.0,8.0,0.0,10.0,2.0,1,1,0.0,0.0,40.0,12.0,0
261,4,0.0,15.0,3.0,0.0,10.0,2.0,0,1,0.0,0.0,40.0,12.0,0
262,5,0.0,11.0,3.0,1.0,7.0,1.0,1,1,0.0,0.0,40.0,0.0,0
263,4,0.0,9.0,2.0,0.0,1.0,2.0,0,1,0.0,0.0,40.0,0.0,0
264,5,0.0,10.0,3.0,0.0,7.0,2.0,0,1,0.0,0.0,40.0,0.0,0
265,5,0.0,5.0,1.0,2.0,6.0,1.0,1,1,0.0,0.0,35.0,0.0,0
266,4,0.0,1.0,12.0,2.0,1.0,3.0,0,1,0.0,0.0,50.0,0.0,0
267,5,0.0,11.0,1.0,2.0,7.0,3.0,1,1,0.0,0.0,21.0,0.0,0
268,5,0.0,8.0,7.0,4.0,2.0,3.0,1,1,0.0,0.0,20.0,0.0,0
269,4,0.0,9.0,3.0,2.0,2.0,1.0,1,1,0.0,0.0,30.0,0.0,0
270,4,0.0,9.0,2.0,0.0,7.0,2.0,0,1,0.0,0.0,40.0,0.0,0
271,5,0.0,12.0,2.0,2.0,3.0,1.0,0,1,0.0,0.0,15.0,0.0,0
272,4,3.0,2.0,5.0,0.0,4.0,0.0,1,1,0.0,0.0,40.0,0.0,0
273,4,0.0,13.0,0.0,2.0,8.0,1.0,1,1,0.0,0.0,40.0,0.0,0
274,4,0.0,1.0,0.0,2.0,5.0,3.0,1,1,0.0,0.0,40.0,0.0,0
275,4,0.0,14.0,1.0,0.0,6.0,2.0,0,1,0.0,0.0,40.0,0.0,0
276,5,1.0,6.0,6.0,0.0,1.0,2.0,0,1,0.0,0.0,42.0,0.0,0
277,4,4.0,5.0,6.0,1.0,5.0,5.0,0,1,0.0,0.0,40.0,0.0,0
278,5,0.0,9.0,2.0,2.0,3.0,1.0,1,1,0.0,0.0,20.0,0.0,0
279,4,0.0,1.0,1.0,2.0,0.0,1.0,1,1,0.0,0.0,20.0,0.0,0
280,5,0.0,13.0,1.0,2.0,4.0,3.0,0,1,0.0,0.0,40.0,18.0,0
281,4,0.0,19.0,10.0,2.0,5.0,3.0,0,1,0.0,18.0,40.0,0.0,0
282,5,0.0,11.0,1.0,0.0,5.0,2.0,0,1,0.0,0.0,40.0,0.0,0
283,5,0.0,6.0,7.0,2.0,9.0,3.0,0,1,0.0,0.0,40.0,3.0,0
284,4,0.0,21.0,2.0,0.0,2.0,4.0,0,1,0.0,0.0,25.0,0.0,0
285,4,0.0,10.0,1.0,0.0,6.0,2.0,0,1,0.0,0.0,40.0,0.0,0
286,5,7.0,16.0,3.0,0.0,13.0,0.0,0,1,0.0,0.0,8.0,0.0,0
287,4,4.0,6.0,0.0,2.0,4.0,5.0,1,1,0.0,17.0,40.0,19.0,0
288,5,0.0,11.0,6.0,2.0,5.0,5.0,1,1,0.0,0.0,26.0,0.0,0
289,4,4.0,2.0,3.0,1.0,8.0,5.0,0,1,0.0,0.0,40.0,0.0,0
290,5,4.0,7.0,9.0,4.0,4.0,3.0,0,1,2.0,0.0,44.0,0.0,0
291,5,0.0,23.0,2.0,4.0,2.0,3.0,1,1,0.0,0.0,20.0,0.0,0
292,5,0.0,16.0,2.0,2.0,2.0,1.0,0,1,0.0,0.0,16.0,0.0,0
293,4,0.0,3.0,1.0,0.0,1.0,2.0,0,1,0.0,0.0,40.0,0.0,0
294,4,5.0,7.0,3.0,1.0,4.0,5.0,0,1,0.0,0.0,44.0,0.0,0
295,5,0.0,7.0,1.0,0.0,1.0,2.0,1,1,0.0,0.0,40.0,0.0,0
296,4,0.0,10.0,3.0,0.0,2.0,2.0,1,1,0.0,0.0,65.0,0.0,0
297,4,3.0,1.0,0.0,2.0,4.0,3.0,0,1,0.0,0.0,40.0,0.0,0
298,5,1.0,2.0,1.0,0.0,9.0,2.0,1,1,0.0,15.0,60.0,0.0,0
299,5,1.0,5.0,0.0,0.0,8.0,2.0,1,1,0.0,0.0,5.0,0.0,0
300,5,0.0,7.0,9.0,0.0,7.0,4.0,0,1,0.0,0.0,40.0,26.0,0
301,5,0.0,6.0,3.0,2.0,4.0,3.0,0,1,0.0,0.0,40.0,0.0,0
302,5,0.0,1.0,2.0,1.0,3.0,5.0,1,1,0.0,0.0,40.0,0.0,0
303,5,0.0,14.0,3.0,4.0,2.0,4.0,1,1,0.0,17.0,25.0,0.0,0
304,4,0.0,4.0,0.0,2.0,5.0,3.0,0,1,0.0,0.0,45.0,0.0,0
305,5,7.0,11.0,11.0,0.0,13.0,2.0,0,1,3.0,0.0,20.0,20.0,0
306,5,7.0,10.0,2.0,4.0,13.0,4.0,0,1,0.0,0.0,16.0,0.0,0
307,5,7.0,11.0,1.0,5.0,13.0,5.0,1,1,0.0,0.0,40.0,0.0,0
308,5,2.0,7.0,3.0,0.0,1.0,2.0,1,1,5.0,0.0,45.0,0.0,0
309,4,0.0,15.0,2.0,2.0,3.0,5.0,0,1,0.0,0.0,17.0,0.0,0
310,5,0.0,10.0,3.0,2.0,8.0,1.0,1,1,0.0,0.0,40.0,0.0,0
311,4,0.0,11.0,14.0,5.0,1.0,4.0,1,1,0.0,0.0,40.0,36.0,0
312,5,1.0,10.0,1.0,2.0,5.0,1.0,1,1,0.0,0.0,35.0,0.0,0
313,5,0.0,13.0,1.0,1.0,12.0,3.0,0,1,0.0,0.0,40.0,0.0,0
314,4,0.0,5.0,0.0,2.0,8.0,1.0,1,1,0.0,0.0,25.0,0.0,0
315,5,7.0,15.0,1.0,0.0,13.0,0.0,0,1,0.0,0.0,50.0,0.0,0
316,4,0.0,15.0,3.0,0.0,7.0,2.0,1,1,0.0,0.0,40.0,0.0,0
317,4,0.0,9.0,3.0,0.0,3.0,0.0,0,1,0.0,0.0,50.0,0.0,0
318,4,0.0,4.0,1.0,2.0,1.0,3.0,1,1,0.0,0.0,50.0,0.0,0
319,5,0.0,11.0,3.0,2.0,8.0,3.0,1,1,0.0,0.0,8.0,0.0,0
320,5,1.0,12.0,4.0,0.0,1.0,2.0,1,1,0.0,0.0,60.0,0.0,0
321,4,0.0,16.0,6.0,4.0,5.0,5.0,0,1,0.0,0.0,40.0,0.0,0
322,5,1.0,14.0,5.0,2.0,1.0,3.0,1,1,0.0,0.0,40.0,0.0,0
323,5,0.0,5.0,3.0,2.0,2.0,1.0,0,1,0.0,0.0,40.0,0.0,0
324,4,0.0,5.0,0.0,2.0,5.0,3.0,1,1,0.0,0.0,45.0,0.0,0
325,5,4.0,7.0,3.0,2.0,1.0,3.0,1,1,0.0,0.0,40.0,0.0,0
326,4,0.0,9.0,3.0,1.0,1.0,3.0,1,1,0.0,0.0,60.0,0.0,0
327,4,0.0,8.0,0.0,2.0,5.0,1.0,0,1,0.0,0.0,15.0,0.0,0
328,4,5.0,7.0,3.0,0.0,5.0,2.0,0,1,0.0,0.0,40.0,0.0,0
329,5,2.0,6.0,1.0,0.0,3.0,2.0,0,1,0.0,0.0,38.0,0.0,0
330,4,1.0,16.0,3.0,0.0,2.0,2.0,1,1,0.0,18.0,50.0,4.0,0
331,5,0.0,6.0,7.0,2.0,7.0,5.0,0,1,0.0,6.0,40.0,0.0,0
332,5,5.0,5.0,10.0,2.0,4.0,3.0,1,1,0.0,0.0,40.0,0.0,0
333,5,4.0,12.0,1.0,2.0,12.0,3.0,0,1,0.0,0.0,40.0,0.0,0
334,4,0.0,8.0,1.0,0.0,3.0,2.0,1,1,0.0,0.0,40.0,0.0,0
335,4,0.0,7.0,3.0,0.0,10.0,2.0,0,1,0.0,0.0,60.0,0.0,0
336,4,0.0,5.0,1.0,0.0,1.0,2.0,1,1,0.0,0.0,45.0,0.0,0
337,5,7.0,9.0,11.0,2.0,13.0,3.0,1,1,0.0,0.0,30.0,0.0,0
338,5,0.0,9.0,1.0,2.0,8.0,3.0,1,1,3.0,0.0,40.0,0.0,0
339,5,0.0,14.0,3.0,2.0,1.0,3.0,1,1,0.0,0.0,40.0,0.0,0
340,4,0.0,5.0,3.0,0.0,3.0,0.0,0,1,0.0,0.0,15.0,0.0,0
341,5,4.0,9.0,10.0,2.0,4.0,3.0,0,1,0.0,0.0,45.0,0.0,0
342,5,7.0,4.0,11.0,5.0,13.0,5.0,0,1,0.0,0.0,40.0,0.0,0
343,4,0.0,10.0,0.0,2.0,5.0,1.0,0,1,0.0,0.0,40.0,0.0,0
344,5,7.0,3.0,3.0,2.0,13.0,1.0,0,1,0.0,0.0,60.0,0.0,0
345,5,1.0,6.0,3.0,5.0,9.0,3.0,1,1,0.0,0.0,60.0,0.0,0
346,4,0.0,23.0,1.0,2.0,2.0,1.0,1,1,0.0,0.0,30.0,0.0,0
347,5,0.0,14.0,10.0,0.0,5.0,2.0,1,1,0.0,0.0,40.0,39.0,0
348,5,0.0,9.0,11.0,5.0,1.0,5.0,0,1,0.0,0.0,40.0,0.0,0
349,4,0.0,9.0,3.0,0.0,7.0,2.0,1,1,0.0,0.0,40.0,0.0,0
350,5,0.0,1.0,8.0,0.0,10.0,2.0,1,1,0.0,0.0,40.0,0.0,0
351,5,4.0,7.0,10.0,1.0,5.0,3.0,0,1,0.0,0.0,40.0,0.0,0
352,5,4.0,4.0,10.0,2.0,5.0,3.0,1,1,0.0,0.0,40.0,5.0,0
353,5,7.0,8.0,12.0,2.0,13.0,1.0,0,1,0.0,0.0,40.0,0.0,0
354,4,0.0,3.0,3.0,2.0,1.0,1.0,1,1,0.0,0.0,40.0,0.0,0
355,5,0.0,15.0,0.0,2.0,5.0,3.0,1,1,0.0,0.0,40.0,0.0,0
356,4,0.0,8.0,3.0,1.0,4.0,5.0,0,1,0.0,0.0,50.0,0.0,0
357,5,0.0,7.0,0.0,2.0,4.0,5.0,0,1,0.0,0.0,40.0,0.0,0
358,5,0.0,9.0,8.0,0.0,1.0,2.0,0,1,0.0,0.0,40.0,0.0,0
359,5,0.0,2.0,1.0,2.0,2.0,1.0,0,1,2.0,0.0,25.0,0.0,0
360,5,0.0,3.0,6.0,0.0,1.0,2.0,1,1,0.0,0.0,50.0,0.0,0
361,5,0.0,10.0,0.0,2.0,4.0,3.0,0,1,0.0,0.0,50.0,0.0,0
362,4,5.0,4.0,3.0,4.0,8.0,3.0,1,1,0.0,0.0,40.0,0.0,0
363,5,2.0,9.0,7.0,0.0,10.0,2.0,1,1,0.0,0.0,99.0,0.0,0
364,4,0.0,4.0,1.0,0.0,3.0,2.0,0,1,2.0,0.0,65.0,0.0,0
365,5,0.0,3.0,3.0,1.0,3.0,1.0,0,1,0.0,0.0,40.0,0.0,0
366,5,0.0,8.0,8.0,0.0,1.0,2.0,1,1,0.0,0.0,35.0,0.0,0
367,4,5.0,1.0,3.0,0.0,7.0,2.0,0,1,0.0,0.0,40.0,0.0,0
368,5,0.0,11.0,3.0,2.0,6.0,3.0,0,1,0.0,0.0,40.0,0.0,0
369,5,0.0,8.0,3.0,0.0,7.0,2.0,1,1,0.0,0.0,40.0,0.0,0
370,4,4.0,6.0,1.0,0.0,12.0,2.0,0,1,0.0,0.0,60.0,0.0,0
371,4,4.0,5.0,1.0,2.0,6.0,3.0,0,1,0.0,0.0,50.0,0.0,0
372,5,0.0,1.0,3.0,0.0,8.0,2.0,0,1,0.0,0.0,38.0,0.0,0
373,5,0.0,14.0,1.0,2.0,2.0,3.0,0,1,0.0,0.0,20.0,0.0,0
374,5,0.0,6.0,3.0,2.0,1.0,1.0,0,1,0.0,0.0,40.0,0.0,0
375,5,0.0,10.0,10.0,1.0,3.0,3.0,1,1,0.0,0.0,28.0,0.0,0
376,4,0.0,8.0,3.0,1.0,5.0,3.0,0,1,4.0,0.0,40.0,0.0,0
377,5,0.0,1.0,1.0,3.0,2.0,5.0,0,1,0.0,0.0,40.0,0.0,0
378,4,5.0,8.0,3.0,5.0,2.0,5.0,0,1,0.0,0.0,20.0,0.0,0
379,5,1.0,5.0,3.0,0.0,4.0,2.0,0,1,0.0,0.0,32.0,0.0,0
380,5,0.0,17.0,8.0,1.0,6.0,4.0,0,1,0.0,0.0,40.0,0.0,0
381,4,0.0,9.0,6.0,2.0,3.0,5.0,1,1,0.0,0.0,5.0,0.0,0
382,4,0.0,7.0,12.0,4.0,2.0,5.0,1,1,0.0,0.0,20.0,0.0,0
383,5,0.0,6.0,3.0,0.0,7.0,2.0,0,1,0.0,0.0,40.0,0.0,0
384,4,0.0,6.0,1.0,0.0,1.0,2.0,0,1,0.0,0.0,40.0,0.0,0
385,4,1.0,13.0,3.0,0.0,3.0,2.0,1,1,0.0,0.0,64.0,0.0,0
386,5,0.0,10.0,0.0,2.0,5.0,3.0,1,1,0.0,0.0,8.0,0.0,0
387,5,0.0,9.0,0.0,0.0,1.0,4.0,1,1,0.0,0.0,30.0,7.0,0
388,5,0.0,6.0,3.0,1.0,1.0,3.0,0,1,0.0,0.0,40.0,0.0,0
389,4,0.0,2.0,3.0,2.0,1.0,1.0,0,1,0.0,0.0,40.0,0.0,0
390,5,0.0,8.0,3.0,1.0,8.0,5.0,1,1,0.0,0.0,20.0,0.0,0
391,5,0.0,8.0,0.0,4.0,5.0,5.0,0,1,0.0,0.0,20.0,3.0,0
392,5,0.0,3.0,3.0,2.0,6.0,1.0,0,1,0.0,0.0,15.0,0.0,0
393,4,0.0,14.0,2.0,3.0,7.0,3.0,0,1,0.0,0.0,36.0,0.0,0
394,5,0.0,2.0,0.0,2.0,4.0,3.0,0,1,0.0,0.0,40.0,0.0,0
395,4,0.0,7.0,5.0,2.0,2.0,3.0,1,1,0.0,0.0,40.0,0.0,0
396,5,0.0,11.0,10.0,0.0,5.0,2.0,0,1,0.0,0.0,40.0,0.0,0
397,4,0.0,6.0,0.0,0.0,4.0,0.0,0,1,0.0,0.0,40.0,0.0,0
398,4,0.0,2.0,3.0,0.0,7.0,2.0,0,1,0.0,18.0,40.0,0.0,0
399,5,0.0,8.0,0.0,0.0,8.0,2.0,0,1,0.0,0.0,40.0,0.0,0
400,4,0.0,9.0,0.0,2.0,2.0,3.0,0,1,0.0,0.0,35.0,0.0,0
401,4,7.0,9.0,10.0,0.0,13.0,2.0,0,1,0.0,0.0,35.0,0.0,0
402,5,0.0,9.0,3.0,0.0,4.0,2.0,0,1,0.0,0.0,70.0,0.0,0
403,5,0.0,19.0,0.0,1.0,4.0,3.0,0,1,0.0,0.0,40.0,0.0,0
404,5,0.0,5.0,3.0,2.0,3.0,3.0,0,1,0.0,0.0,40.0,0.0,0
405,4,7.0,9.0,1.0,2.0,13.0,1.0,0,1,0.0,0.0,40.0,0.0,0
406,5,0.0,1.0,0.0,2.0,3.0,1.0,1,1,0.0,0.0,45.0,0.0,0
407,5,1.0,12.0,8.0,2.0,9.0,1.0,1,1,0.0,0.0,75.0,0.0,0
408,4,1.0,5.0,12.0,3.0,7.0,3.0,0,1,0.0,0.0,40.0,0.0,0
409,5,5.0,8.0,3.0,0.0,12.0,2.0,1,1,0.0,0.0,40.0,0.0,0
410,5,0.0,20.0,9.0,1.0,7.0,3.0,0,1,0.0,0.0,40.0,0.0,0
411,5,0.0,9.0,3.0,0.0,1.0,2.0,1,1,0.0,0.0,44.0,0.0,0
412,4,0.0,2.0,3.0,1.0,8.0,5.0,0,1,0.0,0.0,43.0,0.0,0
413,5,0.0,4.0,5.0,2.0,0.0,3.0,0,1,0.0,0.0,45.0,0.0,0
414,4,0.0,5.0,3.0,0.0,7.0,2.0,1,1,0.0,0.0,40.0,0.0,0
415,5,0.0,8.0,3.0,0.0,1.0,2.0,0,1,0.0,0.0,40.0,0.0,0
416,4,0.0,12.0,12.0,3.0,10.0,1.0,0,1,0.0,0.0,35.0,0.0,0
417,5,0.0,18.0,3.0,3.0,8.0,4.0,1,1,0.0,0.0,40.0,0.0,0
418,4,0.0,12.0,3.0,2.0,3.0,1.0,1,1,0.0,0.0,40.0,29.0,0
419,5,0.0,3.0,3.0,2.0,6.0,1.0,1,1,0.0,0.0,8.0,0.0,0
420,4,0.0,9.0,9.0,2.0,6.0,1.0,0,1,0.0,0.0,20.0,0.0,0
421,4,0.0,10.0,3.0,0.0,1.0,2.0,1,1,0.0,0.0,40.0,0.0,0
422,5,0.0,16.0,1.0,1.0,4.0,3.0,1,1,0.0,0.0,40.0,20.0,0
423,4,0.0,12.0,3.0,2.0,7.0,3.0,1,1,2.0,0.0,40.0,0.0,0
424,4,0.0,8.0,3.0,3.0,2.0,3.0,0,1,0.0,0.0,30.0,0.0,0
425,5,0.0,11.0,1.0,0.0,5.0,2.0,0,1,0.0,0.0,40.0,0.0,0
426,5,0.0,15.0,0.0,2.0,8.0,3.0,1,1,0.0,0.0,10.0,19.0,0
427,4,0.0,7.0,3.0,2.0,3.0,5.0,0,1,0.0,0.0,24.0,0.0,0
428,5,0.0,15.0,3.0,0.0,1.0,2.0,1,1,0.0,0.0,40.0,0.0,0
429,4,0.0,23.0,2.0,2.0,3.0,1.0,1,1,0.0,0.0,25.0,0.0,0
430,4,1.0,10.0,5.0,2.0,1.0,3.0,1,1,0.0,0.0,30.0,0.0,0
431,5,0.0,11.0,1.0,1.0,8.0,3.0,1,1,0.0,0.0,60.0,0.0,0
432,5,0.0,6.0,2.0,2.0,2.0,3.0,1,1,0.0,0.0,40.0,0.0,0
433,4,0.0,18.0,3.0,0.0,8.0,0.0,1,1,0.0,0.0,38.0,0.0,0
434,5,0.0,12.0,8.0,0.0,6.0,2.0,1,1,0.0,0.0,50.0,0.0,0
435,5,0.0,12.0,2.0,0.0,1.0,2.0,1,1,0.0,0.0,40.0,12.0,0
436,5,0.0,9.0,14.0,0.0,3.0,2.0,0,1,0.0,0.0,40.0,39.0,0
437,4,0.0,17.0,7.0,1.0,2.0,5.0,0,1,0.0,0.0,40.0,0.0,0
438,4,0.0,10.0,3.0,2.0,8.0,3.0,0,1,0.0,0.0,37.0,0.0,0
439,5,0.0,11.0,3.0,2.0,3.0,3.0,1,1,0.0,0.0,30.0,0.0,0
440,5,0.0,7.0,3.0,2.0,8.0,1.0,1,1,0.0,0.0,30.0,0.0,0
441,4,7.0,1.0,3.0,0.0,13.0,2.0,1,1,2.0,0.0,32.0,0.0,0
442,5,5.0,1.0,1.0,2.0,8.0,1.0,1,1,0.0,0.0,12.0,0.0,0
443,4,0.0,19.0,3.0,2.0,2.0,3.0,1,1,0.0,0.0,25.0,0.0,0
444,5,0.0,9.0,3.0,2.0,8.0,3.0,1,1,0.0,0.0,40.0,0.0,0
445,4,1.0,8.0,3.0,1.0,1.0,3.0,1,1,0.0,0.0,40.0,0.0,0
446,5,0.0,8.0,3.0,0.0,2.0,2.0,0,1,0.0,0.0,40.0,0.0,0
447,5,1.0,18.0,3.0,3.0,1.0,5.0,0,1,0.0,0.0,50.0,0.0,0
448,5,7.0,10.0,3.0,0.0,13.0,4.0,0,1,0.0,0.0,35.0,0.0,0
449,5,0.0,8.0,0.0,2.0,4.0,5.0,1,1,0.0,0.0,45.0,39.0,0
450,4,0.0,16.0,0.0,2.0,4.0,3.0,1,1,0.0,0.0,60.0,39.0,0
451,4,0.0,11.0,5.0,2.0,4.0,1.0,0,1,0.0,0.0,40.0,0.0,0
452,5,0.0,12.0,2.0,2.0,3.0,1.0,1,1,0.0,0.0,40.0,0.0,0
453,4,0.0,12.0,4.0,1.0,9.0,5.0,1,1,0.0,0.0,48.0,0.0,0
454,5,0.0,24.0,1.0,0.0,1.0,2.0,0,1,4.0,0.0,38.0,0.0,0
455,5,0.0,5.0,0.0,2.0,4.0,3.0,0,1,0.0,0.0,40.0,0.0,0
456,4,0.0,12.0,3.0,0.0,10.0,2.0,1,1,0.0,0.0,99.0,0.0,0
457,5,0.0,17.0,3.0,2.0,2.0,4.0,0,1,0.0,0.0,40.0,0.0,0
458,4,0.0,9.0,1.0,2.0,6.0,3.0,0,1,0.0,0.0,25.0,0.0,0
459,5,0.0,8.0,3.0,2.0,2.0,5.0,0,1,0.0,0.0,40.0,0.0,0
460,4,0.0,8.0,1.0,2.0,8.0,1.0,1,1,0.0,0.0,40.0,0.0,0
461,4,0.0,1.0,10.0,2.0,5.0,3.0,0,1,0.0,0.0,99.0,0.0,0
462,5,0.0,2.0,1.0,2.0,2.0,1.0,0,1,0.0,0.0,20.0,0.0,0
463,4,7.0,1.0,3.0,0.0,13.0,2.0,1,1,0.0,0.0,15.0,0.0,0
464,5,0.0,15.0,1.0,2.0,5.0,1.0,0,1,0.0,0.0,20.0,0.0,0
465,5,0.0,14.0,9.0,1.0,9.0,3.0,1,1,0.0,0.0,40.0,0.0,0
466,5,5.0,8.0,0.0,1.0,5.0,5.0,1,1,0.0,0.0,40.0,0.0,0
467,5,1.0,13.0,3.0,0.0,1.0,2.0,0,1,0.0,0.0,40.0,0.0,0
468,4,0.0,13.0,1.0,0.0,2.0,2.0,0,1,0.0,0.0,40.0,0.0,0
469,5,0.0,7.0,0.0,2.0,5.0,3.0,0,1,0.0,0.0,40.0,0.0,0
470,5,0.0,10.0,3.0,2.0,8.0,3.0,0,1,0.0,0.0,40.0,0.0,0
471,4,0.0,6.0,1.0,2.0,1.0,1.0,1,1,0.0,0.0,40.0,0.0,0
472,5,0.0,8.0,1.0,0.0,6.0,2.0,1,1,0.0,0.0,40.0,0.0,0
473,4,0.0,7.0,9.0,2.0,3.0,1.0,1,1,0.0,0.0,20.0,0.0,0
474,4,0.0,9.0,3.0,1.0,9.0,3.0,0,1,0.0,22.0,44.0,0.0,0
475,5,3.0,10.0,3.0,2.0,8.0,3.0,1,1,0.0,0.0,40.0,0.0,0
476,5,0.0,8.0,1.0,1.0,8.0,3.0,0,1,0.0,0.0,38.0,0.0,0
477,4,4.0,5.0,3.0,0.0,2.0,2.0,1,1,0.0,0.0,40.0,0.0,0
478,5,0.0,9.0,1.0,2.0,3.0,3.0,1,1,0.0,0.0,40.0,0.0,0
479,4,0.0,7.0,3.0,4.0,8.0,3.0,0,1,0.0,0.0,10.0,0.0,0
480,4,7.0,9.0,3.0,2.0,13.0,1.0,1,1,0.0,0.0,40.0,0.0,0
481,5,1.0,13.0,0.0,3.0,5.0,1.0,0,1,0.0,0.0,40.0,0.0,0
482,4,0.0,7.0,1.0,2.0,8.0,1.0,1,1,0.0,0.0,40.0,0.0,0
483,5,0.0,5.0,2.0,1.0,2.0,5.0,0,1,0.0,0.0,30.0,0.0,0
484,5,0.0,5.0,3.0,2.0,2.0,1.0,1,1,0.0,17.0,30.0,0.0,0
485,4,7.0,12.0,1.0,2.0,13.0,1.0,0,1,0.0,0.0,40.0,0.0,0
486,4,0.0,8.0,1.0,2.0,10.0,1.0,0,1,0.0,0.0,17.0,0.0,0
487,4,0.0,5.0,3.0,0.0,8.0,2.0,0,1,0.0,0.0,20.0,0.0,0
488,4,0.0,21.0,3.0,0.0,2.0,1.0,1,1,0.0,0.0,15.0,0.0,0
489,5,0.0,5.0,0.0,0.0,3.0,2.0,0,1,0.0,0.0,35.0,0.0,0
490,4,0.0,8.0,1.0,1.0,2.0,3.0,0,1,0.0,0.0,20.0,0.0,0
491,4,0.0,10.0,7.0,2.0,7.0,5.0,1,1,0.0,0.0,40.0,20.0,0
492,5,0.0,1.0,1.0,0.0,8.0,2.0,1,1,0.0,0.0,50.0,0.0,0
493,4,0.0,10.0,3.0,2.0,2.0,5.0,1,1,0.0,0.0,28.0,0.0,0
494,4,0.0,7.0,2.0,0.0,10.0,2.0,1,1,0.0,0.0,70.0,0.0,0
495,4,0.0,9.0,5.0,2.0,3.0,5.0,1,1,0.0,0.0,50.0,0.0,0
496,4,0.0,5.0,3.0,3.0,7.0,3.0,1,1,0.0,0.0,40.0,0.0,0
497,5,4.0,13.0,0.0,2.0,5.0,3.0,0,1,0.0,0.0,40.0,0.0,0
498,5,1.0,17.0,3.0,4.0,2.0,3.0,0,1,0.0,0.0,20.0,0.0,0
499,4,0.0,9.0,3.0,0.0,10.0,2.0,1,1,0.0,0.0,25.0,0.0,0
500,4,0.0,17.0,3.0,2.0,9.0,1.0,0,1,0.0,0.0,40.0,0.0,0
501,5,0.0,5.0,3.0,0.0,3.0,0.0,1,1,0.0,0.0,50.0,0.0,0
502,5,3.0,9.0,3.0,1.0,8.0,3.0,1,1,0.0,0.0,40.0,0.0,0
503,4,7.0,9.0,1.0,2.0,13.0,1.0,1,1,0.0,0.0,25.0,0.0,0
504,4,0.0,9.0,6.0,1.0,2.0,5.0,0,1,0.0,0.0,40.0,0.0,0
505,5,0.0,13.0,1.0,3.0,6.0,3.0,0,1,0.0,0.0,42.0,0.0,0
506,5,0.0,8.0,0.0,2.0,5.0,3.0,0,1,0.0,0.0,40.0,0.0,0
507,5,0.0,11.0,1.0,0.0,1.0,2.0,1,1,0.0,0.0,40.0,0.0,0
508,4,0.0,27.0,3.0,6.0,8.0,0.0,0,1,0.0,0.0,25.0,0.0,0
509,5,0.0,2.0,0.0,2.0,5.0,3.0,0,1,0.0,0.0,40.0,0.0,0
510,5,7.0,21.0,3.0,0.0,13.0,2.0,1,1,0.0,0.0,40.0,0.0,0
511,4,0.0,8.0,1.0,5.0,4.0,5.0,0,1,0.0,0.0,40.0,0.0,0
512,5,0.0,10.0,1.0,2.0,3.0,1.0,1,1,0.0,0.0,25.0,39.0,0
513,4,0.0,3.0,13.0,1.0,3.0,5.0,0,1,0.0,0.0,50.0,0.0,0
514,4,0.0,9.0,3.0,0.0,6.0,2.0,0,1,0.0,0.0,40.0,0.0,0
515,5,0.0,10.0,6.0,2.0,8.0,1.0,0,1,0.0,0.0,40.0,0.0,0
516,5,0.0,5.0,1.0,1.0,5.0,5.0,0,1,0.0,0.0,38.0,0.0,0
517,5,0.0,5.0,3.0,2.0,2.0,1.0,1,1,0.0,0.0,24.0,0.0,0
518,4,1.0,1.0,3.0,3.0,2.0,5.0,1,1,0.0,0.0,40.0,0.0,0
519,5,1.0,9.0,1.0,0.0,1.0,2.0,0,1,0.0,0.0,50.0,0.0,0
520,5,0.0,15.0,1.0,2.0,3.0,3.0,1,1,0.0,0.0,40.0,0.0,0
521,5,0.0,36.0,1.0,2.0,4.0,3.0,0,1,0.0,0.0,50.0,0.0,0
522,4,1.0,9.0,3.0,0.0,7.0,0.0,1,1,0.0,0.0,20.0,0.0,0
523,5,0.0,6.0,7.0,0.0,9.0,2.0,0,1,0.0,0.0,40.0,0.0,0
524,5,7.0,5.0,7.0,4.0,13.0,3.0,0,1,0.0,0.0,40.0,0.0,0
525,4,0.0,8.0,7.0,2.0,2.0,3.0,0,1,0.0,0.0,15.0,0.0,0
526,5,0.0,8.0,6.0,2.0,8.0,3.0,0,1,0.0,0.0,40.0,0.0,0
527,5,0.0,12.0,15.0,2.0,9.0,3.0,0,1,0.0,0.0,36.0,20.0,0
528,4,7.0,13.0,6.0,0.0,13.0,2.0,1,1,0.0,0.0,40.0,4.0,0
529,4,0.0,4.0,1.0,0.0,7.0,2.0,1,1,2.0,0.0,40.0,0.0,0
530,4,0.0,14.0,3.0,2.0,6.0,5.0,0,1,0.0,0.0,25.0,0.0,0
531,4,5.0,10.0,0.0,2.0,5.0,3.0,1,1,0.0,0.0,30.0,0.0,0
532,5,0.0,8.0,1.0,2.0,2.0,3.0,0,1,0.0,0.0,40.0,0.0,0
533,4,0.0,5.0,3.0,1.0,7.0,5.0,0,1,0.0,0.0,56.0,0.0,0
534,5,1.0,3.0,1.0,1.0,4.0,5.0,0,1,0.0,0.0,40.0,0.0,0
535,5,0.0,12.0,1.0,2.0,5.0,1.0,0,1,1.0,0.0,32.0,0.0,0
536,5,0.0,7.0,1.0,0.0,1.0,2.0,0,1,0.0,0.0,20.0,0.0,0
537,4,4.0,11.0,1.0,1.0,4.0,3.0,1,1,0.0,0.0,40.0,0.0,0
538,4,0.0,8.0,3.0,1.0,8.0,3.0,1,1,0.0,0.0,29.0,0.0,0
539,4,1.0,6.0,3.0,0.0,0.0,2.0,1,1,0.0,0.0,30.0,0.0,0
540,5,4.0,8.0,0.0,1.0,5.0,3.0,0,1,0.0,0.0,40.0,0.0,0
541,5,5.0,5.0,3.0,3.0,8.0,5.0,0,1,0.0,6.0,35.0,0.0,0
542,5,0.0,4.0,6.0,0.0,1.0,2.0,0,1,5.0,0.0,40.0,0.0,0
543,5,0.0,8.0,1.0,2.0,1.0,3.0,1,1,0.0,0.0,40.0,0.0,0
544,4,0.0,15.0,3.0,0.0,3.0,2.0,0,1,0.0,0.0,40.0,0.0,0
545,4,0.0,9.0,3.0,2.0,10.0,3.0,1,1,0.0,0.0,60.0,0.0,0
546,4,0.0,13.0,3.0,1.0,3.0,3.0,0,1,0.0,0.0,60.0,0.0,0
547,4,0.0,7.0,14.0,2.0,7.0,1.0,1,1,0.0,0.0,40.0,24.0,0
548,4,0.0,6.0,1.0,2.0,5.0,3.0,0,1,4.0,0.0,40.0,0.0,0
549,5,0.0,11.0,2.0,2.0,2.0,3.0,0,1,0.0,0.0,40.0,0.0,0
550,4,0.0,7.0,3.0,2.0,3.0,1.0,1,1,0.0,0.0,35.0,36.0,0
551,5,0.0,11.0,3.0,2.0,8.0,1.0,0,1,0.0,0.0,40.0,0.0,0
552,4,0.0,12.0,4.0,2.0,5.0,3.0,0,1,0.0,0.0,50.0,0.0,0
553,4,0.0,2.0,1.0,0.0,1.0,2.0,0,1,0.0,0.0,40.0,0.0,0
554,5,0.0,6.0,3.0,2.0,2.0,3.0,0,1,0.0,0.0,40.0,0.0,0
555,4,1.0,13.0,3.0,2.0,9.0,3.0,0,1,0.0,0.0,50.0,0.0,0
556,5,0.0,23.0,3.0,1.0,3.0,5.0,1,1,0.0,0.0,25.0,0.0,0
557,5,0.0,8.0,3.0,1.0,7.0,4.0,1,1,0.0,0.0,55.0,0.0,0
558,5,0.0,6.0,3.0,0.0,7.0,0.0,1,1,0.0,0.0,40.0,16.0,0
559,4,0.0,9.0,1.0,1.0,7.0,5.0,1,1,0.0,0.0,40.0,0.0,0
560,4,0.0,2.0,3.0,4.0,4.0,3.0,1,1,0.0,0.0,35.0,0.0,0
561,4,0.0,7.0,3.0,2.0,3.0,3.0,0,1,0.0,0.0,35.0,0.0,0
562,5,0.0,4.0,1.0,2.0,1.0,3.0,0,1,0.0,0.0,40.0,0.0,0
563,5,0.0,9.0,3.0,2.0,8.0,1.0,0,1,0.0,0.0,40.0,0.0,0
564,4,0.0,7.0,3.0,2.0,1.0,3.0,0,1,0.0,0.0,40.0,0.0,0
565,5,5.0,27.0,0.0,0.0,12.0,0.0,0,1,0.0,0.0,48.0,0.0,0
566,5,7.0,9.0,0.0,2.0,13.0,3.0,0,1,0.0,0.0,25.0,39.0,0
567,5,4.0,5.0,3.0,2.0,12.0,3.0,1,1,0.0,0.0,42.0,0.0,0
568,5,7.0,8.0,1.0,2.0,13.0,1.0,0,1,0.0,0.0,10.0,0.0,0
569,4,0.0,2.0,10.0,2.0,0.0,5.0,1,1,0.0,0.0,45.0,32.0,0
570,4,4.0,11.0,10.0,1.0,5.0,3.0,1,1,0.0,0.0,40.0,24.0,0
571,4,0.0,16.0,3.0,2.0,8.0,3.0,1,1,0.0,0.0,60.0,0.0,0
572,4,1.0,1.0,3.0,0.0,3.0,2.0,1,1,0.0,0.0,55.0,0.0,0
573,4,7.0,8.0,10.0,4.0,13.0,3.0,1,1,0.0,0.0,15.0,0.0,0
574,4,0.0,7.0,3.0,2.0,3.0,3.0,1,1,0.0,0.0,45.0,0.0,0
575,5,0.0,5.0,12.0,0.0,3.0,2.0,0,1,0.0,0.0,40.0,0.0,0
576,4,7.0,14.0,2.0,2.0,13.0,1.0,1,1,0.0,0.0,25.0,0.0,0
577,5,0.0,11.0,4.0,2.0,5.0,4.0,1,1,0.0,0.0,65.0,0.0,0
578,4,0.0,9.0,1.0,2.0,3.0,1.0,1,1,0.0,0.0,30.0,0.0,0
579,5,0.0,8.0,3.0,0.0,2.0,0.0,1,1,0.0,0.0,30.0,0.0,0
580,4,0.0,6.0,3.0,0.0,1.0,2.0,1,1,0.0,0.0,40.0,0.0,0
581,4,0.0,10.0,1.0,2.0,8.0,3.0,1,1,0.0,0.0,27.0,0.0,0
582,5,0.0,19.0,1.0,1.0,0.0,3.0,1,1,0.0,0.0,60.0,0.0,0
583,4,4.0,6.0,3.0,0.0,1.0,2.0,1,1,0.0,0.0,40.0,0.0,0
584,4,0.0,2.0,3.0,0.0,10.0,2.0,0,1,0.0,0.0,40.0,0.0,0
585,5,0.0,7.0,3.0,0.0,3.0,2.0,1,1,4.0,0.0,40.0,0.0,0
586,4,0.0,9.0,3.0,1.0,0.0,3.0,1,1,0.0,0.0,40.0,0.0,0
587,5,0.0,10.0,1.0,2.0,8.0,1.0,1,1,0.0,0.0,20.0,0.0,0
588,4,5.0,5.0,1.0,1.0,8.0,5.0,0,1,0.0,0.0,45.0,0.0,0
589,4,0.0,7.0,12.0,2.0,3.0,3.0,1,1,0.0,17.0,25.0,0.0,0
590,5,0.0,11.0,8.0,0.0,7.0,2.0,0,1,0.0,0.0,40.0,0.0,0
591,5,0.0,2.0,3.0,0.0,1.0,2.0,0,1,0.0,0.0,40.0,0.0,0
592,5,0.0,6.0,5.0,2.0,3.0,1.0,0,1,0.0,0.0,40.0,38.0,0
593,5,7.0,2.0,0.0,0.0,13.0,2.0,0,1,0.0,0.0,8.0,0.0,0
594,4,0.0,2.0,1.0,0.0,1.0,2.0,0,1,0.0,0.0,40.0,0.0,0
595,4,0.0,10.0,1.0,5.0,1.0,4.0,1,1,0.0,0.0,35.0,24.0,0
596,4,0.0,17.0,1.0,3.0,4.0,3.0,1,1,0.0,19.0,45.0,2.0,0
597,5,0.0,19.0,3.0,0.0,1.0,2.0,1,1,0.0,0.0,40.0,0.0,0
598,5,0.0,12.0,1.0,0.0,3.0,2.0,0,1,0.0,0.0,44.0,0.0,0
599,5,0.0,5.0,3.0,1.0,9.0,3.0,1,1,0.0,0.0,25.0,0.0,0
600,5,0.0,20.0,9.0,2.0,3.0,3.0,1,1,0.0,0.0,40.0,0.0,0
601,4,0.0,7.0,3.0,0.0,4.0,0.0,0,1,0.0,0.0,40.0,0.0,0
602,5,0.0,1.0,1.0,0.0,1.0,2.0,0,1,0.0,0.0,40.0,0.0,0
603,5,0.0,9.0,3.0,2.0,1.0,3.0,0,1,0.0,0.0,40.0,0.0,0
604,5,0.0,2.0,6.0,1.0,1.0,5.0,0,1,0.0,0.0,40.0,0.0,0
605,5,0.0,7.0,3.0,1.0,2.0,5.0,0,1,0.0,0.0,40.0,0.0,0
606,5,3.0,13.0,1.0,0.0,8.0,2.0,0,1,0.0,0.0,45.0,0.0,0
607,4,0.0,14.0,3.0,2.0,1.0,1.0,0,1,0.0,0.0,40.0,0.0,0
608,4,2.0,11.0,0.0,2.0,4.0,1.0,0,1,0.0,0.0,40.0,0.0,0
609,4,0.0,7.0,1.0,0.0,4.0,1.0,1,1,0.0,0.0,40.0,0.0,0
610,4,0.0,12.0,0.0,0.0,10.0,2.0,0,1,0.0,0.0,40.0,0.0,0
611,5,5.0,6.0,3.0,5.0,2.0,5.0,0,1,0.0,0.0,40.0,14.0,0
612,4,0.0,10.0,5.0,1.0,5.0,5.0,0,1,0.0,0.0,45.0,0.0,0
613,5,0.0,7.0,3.0,0.0,10.0,2.0,1,1,0.0,0.0,55.0,0.0,0
614,5,0.0,9.0,1.0,2.0,9.0,5.0,1,1,0.0,0.0,45.0,0.0,0
615,5,1.0,12.0,8.0,0.0,1.0,2.0,1,1,0.0,0.0,40.0,0.0,0
616,5,5.0,4.0,6.0,2.0,5.0,3.0,0,1,0.0,0.0,40.0,0.0,0
617,5,0.0,3.0,1.0,0.0,2.0,2.0,1,1,0.0,0.0,40.0,15.0,0
618,4,0.0,1.0,6.0,2.0,10.0,3.0,1,1,0.0,0.0,40.0,0.0,0
619,4,0.0,8.0,3.0,2.0,2.0,1.0,1,1,0.0,0.0,20.0,0.0,0
620,4,0.0,14.0,0.0,2.0,4.0,1.0,0,1,0.0,0.0,50.0,0.0,0
621,4,3.0,6.0,1.0,2.0,4.0,3.0,1,1,0.0,0.0,50.0,0.0,0
622,4,0.0,9.0,2.0,2.0,8.0,4.0,1,1,0.0,0.0,10.0,0.0,0
623,5,0.0,34.0,0.0,1.0,4.0,3.0,1,1,0.0,0.0,55.0,0.0,0
624,4,0.0,2.0,1.0,1.0,4.0,3.0,1,1,0.0,0.0,40.0,0.0,0
625,4,0.0,9.0,3.0,2.0,2.0,1.0,0,1,0.0,0.0,20.0,0.0,0
626,4,0.0,9.0,3.0,2.0,7.0,3.0,0,1,0.0,0.0,40.0,0.0,0
627,5,1.0,16.0,3.0,0.0,9.0,2.0,1,1,0.0,0.0,35.0,0.0,0
628,5,0.0,5.0,14.0,0.0,7.0,2.0,0,1,0.0,0.0,40.0,39.0,0
629,5,0.0,15.0,1.0,0.0,3.0,2.0,0,1,0.0,0.0,60.0,39.0,0
630,4,0.0,7.0,3.0,1.0,2.0,3.0,1,1,0.0,0.0,16.0,0.0,0
631,5,1.0,11.0,1.0,0.0,4.0,2.0,1,1,3.0,0.0,40.0,0.0,0
632,5,0.0,10.0,3.0,2.0,7.0,3.0,1,1,0.0,0.0,42.0,0.0,0
633,5,5.0,15.0,3.0,2.0,4.0,3.0,1,1,0.0,0.0,50.0,0.0,0
634,4,0.0,5.0,0.0,2.0,8.0,3.0,0,1,0.0,0.0,40.0,0.0,0
635,5,0.0,2.0,9.0,0.0,10.0,2.0,0,1,0.0,0.0,40.0,0.0,0
636,4,0.0,6.0,3.0,2.0,1.0,1.0,0,1,0.0,0.0,45.0,0.0,0
637,5,7.0,8.0,3.0,5.0,13.0,3.0,1,1,0.0,0.0,20.0,0.0,0
638,5,0.0,14.0,3.0,0.0,1.0,2.0,0,1,0.0,0.0,52.0,0.0,0
639,4,0.0,10.0,1.0,0.0,8.0,0.0,0,1,0.0,0.0,65.0,0.0,0
640,4,0.0,9.0,12.0,2.0,0.0,1.0,0,1,0.0,0.0,10.0,0.0,0
641,4,0.0,5.0,1.0,2.0,1.0,3.0,0,1,0.0,0.0,40.0,0.0,0
642,5,0.0,8.0,3.0,1.0,4.0,3.0,1,1,0.0,0.0,45.0,0.0,0
643,5,0.0,11.0,0.0,2.0,4.0,3.0,0,1,0.0,0.0,40.0,0.0,0
644,4,0.0,10.0,9.0,2.0,2.0,1.0,0,1,0.0,0.0,35.0,0.0,0
645,4,0.0,4.0,0.0,2.0,3.0,1.0,0,1,0.0,0.0,50.0,0.0,0
646,4,0.0,4.0,0.0,2.0,5.0,1.0,1,1,0.0,0.0,40.0,0.0,0
647,5,0.0,14.0,12.0,0.0,1.0,1.0,1,1,0.0,0.0,40.0,0.0,0
648,4,5.0,5.0,3.0,2.0,2.0,1.0,1,1,0.0,0.0,40.0,0.0,0
649,4,0.0,3.0,0.0,0.0,2.0,2.0,1,1,0.0,0.0,30.0,19.0,0
650,4,4.0,10.0,0.0,1.0,5.0,3.0,0,1,0.0,0.0,50.0,0.0,0
651,5,1.0,11.0,5.0,1.0,4.0,3.0,0,1,0.0,0.0,30.0,0.0,0
652,5,4.0,12.0,10.0,1.0,5.0,5.0,0,1,5.0,0.0,45.0,0.0,0
653,4,4.0,4.0,1.0,2.0,8.0,1.0,0,1,0.0,0.0,40.0,0.0,0
654,4,0.0,1.0,4.0,2.0,5.0,3.0,0,1,0.0,0.0,50.0,0.0,0
655,4,0.0,7.0,12.0,0.0,7.0,2.0,0,1,0.0,0.0,40.0,0.0,0
656,5,7.0,8.0,0.0,0.0,13.0,2.0,1,1,0.0,0.0,3.0,0.0,0
657,5,1.0,6.0,3.0,0.0,3.0,2.0,0,1,0.0,0.0,66.0,0.0,0
658,4,0.0,10.0,1.0,2.0,3.0,1.0,1,1,0.0,0.0,20.0,0.0,0
659,4,0.0,5.0,0.0,2.0,5.0,3.0,1,1,0.0,0.0,40.0,0.0,0
660,4,0.0,5.0,3.0,1.0,4.0,3.0,1,1,0.0,0.0,40.0,0.0,0
661,4,0.0,5.0,10.0,0.0,1.0,2.0,1,1,0.0,0.0,40.0,0.0,0
662,5,0.0,9.0,3.0,4.0,2.0,3.0,1,1,2.0,0.0,40.0,0.0,0
663,4,0.0,8.0,3.0,1.0,8.0,5.0,1,1,0.0,0.0,40.0,0.0,0
664,4,0.0,9.0,3.0,2.0,6.0,1.0,0,1,0.0,0.0,40.0,0.0,0
665,4,0.0,23.0,7.0,1.0,3.0,3.0,0,1,0.0,0.0,40.0,0.0,0
666,4,0.0,5.0,1.0,2.0,5.0,4.0,0,1,0.0,0.0,20.0,10.0,0
667,4,0.0,8.0,3.0,0.0,1.0,2.0,0,1,0.0,0.0,45.0,0.0,0
668,5,0.0,11.0,7.0,2.0,3.0,4.0,0,1,0.0,0.0,32.0,20.0,0
669,4,3.0,2.0,1.0,0.0,8.0,2.0,1,1,0.0,0.0,40.0,0.0,0
670,4,0.0,8.0,1.0,2.0,2.0,1.0,0,1,0.0,0.0,25.0,0.0,0
671,4,2.0,4.0,12.0,4.0,3.0,5.0,1,1,0.0,0.0,40.0,4.0,0
672,5,0.0,6.0,6.0,0.0,1.0,2.0,0,1,0.0,0.0,40.0,25.0,0
673,5,1.0,8.0,1.0,1.0,4.0,3.0,0,1,0.0,0.0,65.0,0.0,0
674,4,0.0,4.0,3.0,0.0,1.0,2.0,0,1,0.0,0.0,40.0,0.0,0
675,5,1.0,11.0,0.0,1.0,3.0,3.0,1,1,0.0,0.0,50.0,0.0,0
676,4,0.0,14.0,1.0,3.0,8.0,4.0,1,1,0.0,0.0,40.0,18.0,0
677,4,4.0,9.0,3.0,0.0,12.0,2.0,0,1,0.0,0.0,56.0,0.0,0
678,4,0.0,8.0,10.0,2.0,5.0,3.0,1,1,0.0,0.0,20.0,0.0,0
679,4,0.0,11.0,3.0,0.0,10.0,2.0,1,1,0.0,0.0,30.0,0.0,0
680,5,0.0,7.0,3.0,2.0,6.0,3.0,1,1,3.0,0.0,50.0,0.0,0
681,5,0.0,15.0,11.0,0.0,12.0,4.0,1,1,0.0,0.0,40.0,20.0,0
682,5,0.0,17.0,9.0,5.0,6.0,5.0,0,1,0.0,0.0,35.0,20.0,0
683,4,0.0,4.0,1.0,2.0,8.0,1.0,0,1,2.0,0.0,20.0,0.0,0
684,4,0.0,7.0,12.0,0.0,1.0,2.0,0,1,0.0,0.0,40.0,0.0,0
685,4,0.0,34.0,3.0,0.0,1.0,2.0,0,1,0.0,0.0,40.0,0.0,0
686,5,4.0,11.0,0.0,2.0,5.0,3.0,0,1,0.0,0.0,50.0,0.0,0
687,5,0.0,17.0,1.0,0.0,3.0,2.0,0,1,3.0,0.0,40.0,0.0,0
688,4,0.0,10.0,3.0,2.0,2.0,1.0,1,1,0.0,0.0,40.0,0.0,0
689,5,0.0,9.0,0.0,2.0,7.0,1.0,0,1,0.0,0.0,50.0,0.0,0
690,5,4.0,9.0,1.0,2.0,12.0,5.0,1,1,1.0,0.0,40.0,0.0,0
691,5,0.0,5.0,1.0,0.0,1.0,2.0,1,1,0.0,0.0,49.0,0.0,0
692,4,0.0,4.0,1.0,0.0,7.0,2.0,1,1,0.0,16.0,40.0,0.0,0
693,5,7.0,8.0,1.0,2.0,13.0,1.0,0,1,0.0,0.0,40.0,0.0,0
694,5,0.0,20.0,3.0,0.0,8.0,0.0,1,1,0.0,18.0,42.0,0.0,0
695,4,0.0,10.0,9.0,2.0,2.0,1.0,0,1,0.0,0.0,16.0,0.0,0
696,4,0.0,1.0,6.0,0.0,1.0,2.0,0,1,0.0,0.0,40.0,0.0,0
697,5,0.0,2.0,1.0,2.0,6.0,3.0,1,1,0.0,0.0,45.0,0.0,0
698,4,1.0,4.0,3.0,0.0,3.0,2.0,1,1,0.0,0.0,60.0,0.0,0
699,4,7.0,6.0,1.0,2.0,13.0,1.0,1,1,0.0,0.0,40.0,0.0,0
700,5,0.0,3.0,8.0,4.0,2.0,3.0,0,1,0.0,0.0,41.0,0.0,0
701,4,0.0,12.0,0.0,0.0,1.0,2.0,0,1,0.0,0.0,50.0,0.0,0
702,4,0.0,8.0,1.0,2.0,2.0,1.0,0,1,0.0,0.0,35.0,16.0,0
703,5,5.0,5.0,1.0,3.0,4.0,1.0,0,1,0.0,0.0,40.0,0.0,0
704,4,0.0,8.0,3.0,0.0,1.0,2.0,0,1,0.0,0.0,48.0,0.0,0
705,4,0.0,12.0,12.0,2.0,1.0,3.0,1,1,0.0,0.0,40.0,0.0,0
706,5,4.0,10.0,3.0,4.0,2.0,5.0,1,1,0.0,0.0,30.0,0.0,0
707,4,0.0,7.0,3.0,0.0,7.0,2.0,0,1,0.0,0.0,40.0,0.0,0
708,5,0.0,5.0,1.0,2.0,10.0,3.0,1,1,0.0,0.0,32.0,0.0,0
709,4,4.0,16.0,3.0,0.0,1.0,2.0,0,1,0.0,0.0,40.0,0.0,0
710,5,0.0,8.0,0.0,2.0,6.0,5.0,1,1,0.0,0.0,40.0,0.0,0
711,5,0.0,5.0,3.0,2.0,2.0,1.0,0,1,0.0,0.0,50.0,0.0,0
712,4,0.0,8.0,0.0,2.0,3.0,3.0,0,1,0.0,0.0,40.0,0.0,0
713,4,0.0,12.0,4.0,0.0,5.0,2.0,1,1,0.0,0.0,20.0,7.0,0
714,5,5.0,6.0,3.0,3.0,8.0,5.0,0,1,0.0,0.0,39.0,0.0,0
715,4,0.0,20.0,12.0,1.0,7.0,3.0,0,1,0.0,0.0,40.0,0.0,0
716,4,0.0,13.0,0.0,1.0,4.0,5.0,1,1,0.0,0.0,40.0,0.0,0
717,5,1.0,14.0,6.0,1.0,3.0,3.0,1,1,0.0,0.0,60.0,0.0,0
718,4,7.0,12.0,1.0,2.0,13.0,1.0,1,1,0.0,0.0,40.0,11.0,0
719,5,0.0,16.0,0.0,2.0,8.0,3.0,1,1,0.0,0.0,40.0,0.0,0
720,5,0.0,6.0,3.0,1.0,6.0,5.0,1,1,0.0,0.0,48.0,0.0,0
721,4,0.0,14.0,3.0,2.0,2.0,1.0,1,1,0.0,0.0,27.0,0.0,0
722,4,0.0,10.0,3.0,1.0,8.0,3.0,0,1,0.0,0.0,40.0,5.0,0
723,5,7.0,6.0,12.0,2.0,13.0,3.0,0,1,0.0,0.0,4.0,0.0,0
724,5,0.0,4.0,8.0,0.0,2.0,2.0,0,1,0.0,0.0,40.0,10.0,0
725,5,0.0,16.0,1.0,0.0,1.0,2.0,0,1,0.0,0.0,40.0,0.0,0
726,5,0.0,2.0,0.0,2.0,4.0,1.0,1,1,0.0,0.0,50.0,0.0,0
727,5,0.0,11.0,3.0,0.0,2.0,2.0,0,1,0.0,0.0,60.0,0.0,0
728,4,0.0,12.0,14.0,2.0,2.0,1.0,1,1,0.0,0.0,40.0,20.0,0
729,5,0.0,9.0,3.0,2.0,3.0,3.0,0,1,0.0,18.0,50.0,0.0,0
730,5,0.0,13.0,3.0,0.0,6.0,0.0,1,1,0.0,0.0,40.0,0.0,0
731,4,0.0,6.0,6.0,1.0,3.0,5.0,0,1,0.0,0.0,40.0,0.0,0
732,4,0.0,15.0,1.0,0.0,10.0,2.0,0,1,0.0,0.0,40.0,0.0,0
733,4,1.0,1.0,3.0,0.0,2.0,2.0,0,1,0.0,0.0,60.0,0.0,0
734,5,4.0,10.0,1.0,2.0,8.0,1.0,1,1,0.0,0.0,20.0,0.0,0
735,4,0.0,3.0,0.0,4.0,2.0,1.0,1,1,0.0,0.0,40.0,15.0,0
736,4,0.0,5.0,0.0,0.0,1.0,2.0,0,1,0.0,0.0,40.0,0.0,0
737,4,0.0,5.0,1.0,1.0,1.0,3.0,1,1,0.0,0.0,48.0,0.0,0
738,5,2.0,8.0,3.0,0.0,3.0,2.0,1,1,0.0,0.0,48.0,0.0,0
739,5,7.0,9.0,8.0,0.0,13.0,2.0,0,1,0.0,0.0,24.0,0.0,0
740,5,0.0,5.0,3.0,1.0,2.0,3.0,1,1,0.0,0.0,40.0,0.0,0
741,4,0.0,14.0,0.0,2.0,4.0,3.0,0,1,0.0,0.0,35.0,10.0,0
742,4,0.0,1.0,0.0,0.0,2.0,2.0,1,1,3.0,0.0,70.0,0.0,0
743,5,1.0,10.0,1.0,2.0,9.0,1.0,0,1,0.0,0.0,30.0,0.0,0
744,5,0.0,7.0,3.0,0.0,1.0,2.0,0,1,0.0,0.0,40.0,0.0,0
745,4,4.0,12.0,2.0,0.0,1.0,2.0,0,1,0.0,0.0,40.0,0.0,0
746,4,5.0,1.0,1.0,0.0,8.0,2.0,1,1,0.0,0.0,40.0,0.0,0
747,5,1.0,5.0,3.0,0.0,3.0,2.0,1,1,0.0,21.0,20.0,0.0,0
748,4,0.0,6.0,0.0,4.0,2.0,3.0,0,1,0.0,0.0,40.0,0.0,0
749,5,0.0,7.0,3.0,0.0,3.0,2.0,1,1,2.0,0.0,40.0,0.0,0
750,5,0.0,11.0,1.0,4.0,4.0,3.0,1,1,0.0,0.0,12.0,0.0,0
751,4,0.0,16.0,0.0,2.0,8.0,4.0,0,1,0.0,0.0,40.0,0.0,0
752,5,5.0,10.0,3.0,2.0,2.0,3.0,0,1,0.0,0.0,40.0,0.0,0
753,4,0.0,4.0,10.0,5.0,4.0,3.0,0,1,0.0,0.0,50.0,0.0,0
754,4,0.0,16.0,2.0,3.0,2.0,5.0,1,1,0.0,0.0,30.0,0.0,0
755,4,1.0,8.0,3.0,0.0,3.0,2.0,1,1,0.0,0.0,40.0,0.0,0
756,5,0.0,11.0,4.0,2.0,5.0,3.0,0,1,0.0,0.0,30.0,0.0,0
757,4,7.0,3.0,1.0,2.0,13.0,1.0,1,1,0.0,0.0,35.0,0.0,0
758,5,0.0,10.0,12.0,0.0,1.0,2.0,0,1,0.0,0.0,50.0,0.0,0
759,4,0.0,4.0,0.0,2.0,8.0,3.0,1,1,0.0,0.0,50.0,0.0,0
760,4,0.0,8.0,1.0,1.0,7.0,3.0,1,1,0.0,0.0,50.0,0.0,0
761,5,5.0,21.0,1.0,0.0,5.0,0.0,1,1,0.0,0.0,40.0,0.0,0
762,4,7.0,15.0,2.0,2.0,13.0,1.0,1,1,0.0,0.0,40.0,0.0,0
763,5,0.0,9.0,1.0,2.0,8.0,3.0,1,1,0.0,0.0,40.0,0.0,0
764,4,4.0,8.0,0.0,1.0,5.0,5.0,0,1,0.0,0.0,35.0,0.0,0
765,4,7.0,8.0,1.0,2.0,13.0,5.0,0,1,0.0,0.0,40.0,0.0,0
766,5,0.0,6.0,0.0,0.0,8.0,2.0,0,1,0.0,0.0,40.0,0.0,0
767,4,0.0,5.0,0.0,2.0,4.0,3.0,1,1,0.0,16.0,50.0,0.0,0
768,4,1.0,5.0,0.0,0.0,9.0,2.0,1,1,0.0,0.0,20.0,0.0,0
769,4,0.0,28.0,1.0,2.0,2.0,1.0,0,1,2.0,0.0,80.0,0.0,0
770,4,0.0,1.0,3.0,0.0,2.0,2.0,1,1,0.0,0.0,40.0,0.0,0
771,4,0.0,3.0,0.0,2.0,8.0,1.0,1,1,0.0,0.0,30.0,0.0,0
772,4,0.0,16.0,1.0,2.0,4.0,3.0,1,1,0.0,0.0,40.0,0.0,0
773,4,7.0,6.0,1.0,2.0,13.0,1.0,0,1,0.0,0.0,40.0,0.0,0
774,4,2.0,1.0,6.0,1.0,4.0,3.0,1,1,0.0,0.0,60.0,0.0,0
775,4,0.0,6.0,0.0,2.0,5.0,1.0,0,1,0.0,0.0,50.0,0.0,0
776,5,0.0,8.0,3.0,1.0,8.0,4.0,0,1,0.0,0.0,40.0,0.0,0
777,4,3.0,15.0,1.0,0.0,8.0,2.0,0,1,0.0,0.0,40.0,0.0,0
778,4,4.0,7.0,0.0,2.0,0.0,3.0,1,1,0.0,0.0,42.0,0.0,0
779,5,0.0,4.0,1.0,0.0,10.0,2.0,1,1,0.0,0.0,40.0,0.0,0
780,4,0.0,7.0,1.0,2.0,5.0,3.0,1,1,0.0,0.0,45.0,0.0,0
781,5,0.0,4.0,3.0,0.0,10.0,2.0,0,1,0.0,0.0,44.0,0.0,0
782,4,7.0,8.0,8.0,4.0,13.0,3.0,0,1,0.0,0.0,4.0,0.0,0
783,4,0.0,6.0,1.0,0.0,1.0,2.0,0,1,0.0,0.0,60.0,0.0,0
784,4,7.0,15.0,2.0,1.0,13.0,1.0,1,1,0.0,0.0,53.0,0.0,0
785,4,0.0,17.0,3.0,2.0,1.0,3.0,0,1,0.0,0.0,40.0,0.0,0
786,5,4.0,8.0,12.0,3.0,2.0,3.0,0,1,0.0,0.0,90.0,0.0,0
787,5,7.0,7.0,3.0,2.0,13.0,1.0,0,1,0.0,0.0,60.0,0.0,0
788,4,4.0,5.0,0.0,1.0,5.0,3.0,0,1,0.0,0.0,40.0,0.0,0
789,5,0.0,12.0,3.0,5.0,2.0,3.0,1,1,0.0,0.0,80.0,16.0,0
790,4,1.0,17.0,8.0,0.0,9.0,2.0,1,1,4.0,0.0,40.0,12.0,0
791,4,0.0,22.0,3.0,2.0,8.0,5.0,0,1,0.0,0.0,41.0,0.0,0
792,5,0.0,9.0,3.0,3.0,2.0,5.0,1,1,0.0,0.0,47.0,0.0,0
793,4,0.0,10.0,3.0,2.0,8.0,1.0,1,1,0.0,0.0,37.0,0.0,0
794,5,0.0,9.0,3.0,2.0,7.0,3.0,1,1,0.0,0.0,40.0,0.0,0
795,4,0.0,9.0,3.0,1.0,8.0,5.0,1,1,0.0,0.0,40.0,0.0,0
796,5,7.0,1.0,3.0,0.0,13.0,2.0,0,1,2.0,0.0,40.0,0.0,0
797,5,0.0,18.0,8.0,2.0,9.0,5.0,1,1,0.0,0.0,20.0,0.0,0
798,5,1.0,5.0,3.0,0.0,9.0,2.0,1,1,0.0,0.0,65.0,0.0,0
799,5,0.0,13.0,3.0,1.0,1.0,5.0,0,1,0.0,0.0,40.0,0.0,0
800,4,0.0,5.0,3.0,0.0,9.0,2.0,0,1,3.0,0.0,45.0,0.0,0
801,4,0.0,13.0,14.0,0.0,2.0,2.0,0,1,0.0,0.0,40.0,18.0,0
802,5,5.0,1.0,1.0,2.0,2.0,1.0,0,1,0.0,0.0,40.0,0.0,0
803,4,0.0,4.0,0.0,1.0,4.0,5.0,0,1,0.0,0.0,40.0,0.0,0
804,5,0.0,11.0,1.0,0.0,5.0,2.0,0,1,3.0,0.0,50.0,0.0,0
805,5,0.0,8.0,3.0,0.0,3.0,2.0,1,1,0.0,0.0,36.0,0.0,0
806,5,4.0,10.0,8.0,0.0,12.0,2.0,1,1,2.0,0.0,40.0,0.0,0
807,4,0.0,2.0,12.0,4.0,2.0,3.0,0,1,0.0,19.0,40.0,0.0,0
808,5,1.0,20.0,3.0,0.0,4.0,2.0,0,1,0.0,0.0,40.0,17.0,0
809,4,4.0,9.0,1.0,0.0,12.0,2.0,0,1,0.0,0.0,57.0,0.0,0
810,5,0.0,8.0,4.0,2.0,5.0,3.0,0,1,0.0,0.0,45.0,0.0,0
811,5,7.0,7.0,10.0,0.0,13.0,2.0,1,1,0.0,0.0,30.0,0.0,0
812,5,3.0,1.0,1.0,1.0,10.0,3.0,0,1,0.0,0.0,40.0,0.0,0
813,4,0.0,18.0,3.0,2.0,3.0,5.0,1,1,0.0,0.0,35.0,0.0,0
814,4,0.0,3.0,3.0,1.0,3.0,3.0,0,1,0.0,0.0,60.0,0.0,0
815,5,1.0,12.0,12.0,1.0,1.0,3.0,1,1,0.0,0.0,40.0,0.0,0
816,4,0.0,5.0,8.0,2.0,2.0,1.0,1,1,0.0,0.0,52.0,0.0,0
817,4,0.0,13.0,3.0,0.0,1.0,2.0,1,1,0.0,0.0,40.0,18.0,0
818,4,0.0,8.0,2.0,0.0,6.0,0.0,0,1,0.0,0.0,25.0,0.0,0
819,4,1.0,10.0,1.0,0.0,1.0,2.0,1,1,0.0,0.0,35.0,0.0,0
820,5,0.0,14.0,3.0,2.0,7.0,3.0,1,1,0.0,0.0,40.0,0.0,0
821,5,0.0,16.0,1.0,0.0,2.0,0.0,1,1,0.0,0.0,20.0,2.0,0
822,4,0.0,5.0,1.0,2.0,8.0,3.0,0,1,0.0,0.0,35.0,0.0,0
823,4,0.0,18.0,0.0,4.0,4.0,5.0,0,1,0.0,0.0,20.0,0.0,0
824,5,0.0,5.0,8.0,2.0,10.0,5.0,1,1,0.0,0.0,25.0,31.0,0
825,5,5.0,4.0,0.0,2.0,4.0,3.0,1,1,0.0,0.0,50.0,0.0,0
826,5,7.0,7.0,3.0,1.0,13.0,3.0,1,1,0.0,0.0,40.0,0.0,0
827,4,2.0,7.0,1.0,0.0,3.0,2.0,0,1,0.0,0.0,30.0,0.0,0
828,5,0.0,15.0,8.0,0.0,1.0,2.0,1,1,0.0,0.0,40.0,0.0,0
829,4,7.0,8.0,2.0,2.0,13.0,5.0,0,1,0.0,0.0,40.0,36.0,0
830,4,4.0,6.0,10.0,2.0,8.0,3.0,1,1,0.0,0.0,40.0,0.0,0
831,5,4.0,7.0,1.0,0.0,12.0,2.0,0,1,3.0,0.0,40.0,0.0,0
832,4,0.0,22.0,10.0,0.0,3.0,2.0,0,1,0.0,0.0,40.0,0.0,0
833,5,1.0,17.0,1.0,0.0,4.0,2.0,1,1,0.0,0.0,35.0,0.0,0
834,4,0.0,9.0,0.0,0.0,3.0,2.0,0,1,0.0,0.0,40.0,0.0,0
835,5,0.0,14.0,1.0,2.0,1.0,1.0,0,1,0.0,0.0,40.0,0.0,0
836,5,0.0,8.0,3.0,5.0,12.0,3.0,0,1,0.0,0.0,40.0,0.0,0
837,5,3.0,4.0,0.0,1.0,5.0,5.0,1,1,0.0,0.0,40.0,0.0,0
838,5,0.0,13.0,1.0,2.0,2.0,1.0,1,1,0.0,0.0,20.0,0.0,0
839,5,2.0,7.0,4.0,0.0,5.0,2.0,0,1,0.0,0.0,35.0,0.0,0
840,4,7.0,23.0,3.0,0.0,13.0,2.0,1,1,0.0,0.0,40.0,0.0,0
841,5,4.0,1.0,8.0,0.0,2.0,2.0,1,1,0.0,0.0,55.0,0.0,0
842,4,0.0,12.0,1.0,0.0,8.0,0.0,1,1,0.0,0.0,35.0,0.0,0
843,4,1.0,1.0,0.0,0.0,1.0,2.0,1,1,0.0,0.0,65.0,0.0,0
844,4,0.0,6.0,3.0,0.0,7.0,2.0,1,1,0.0,0.0,40.0,0.0,0
845,5,0.0,16.0,1.0,1.0,8.0,3.0,0,1,0.0,0.0,40.0,0.0,0
846,4,0.0,11.0,1.0,2.0,1.0,3.0,1,1,0.0,0.0,40.0,0.0,0
847,5,7.0,10.0,1.0,2.0,13.0,5.0,1,1,0.0,0.0,35.0,0.0,0
848,5,0.0,6.0,10.0,0.0,5.0,2.0,1,1,5.0,0.0,40.0,7.0,0
849,4,0.0,16.0,3.0,2.0,6.0,1.0,1,1,0.0,0.0,25.0,0.0,0
850,4,0.0,7.0,3.0,0.0,5.0,2.0,1,1,0.0,0.0,55.0,0.0,0
851,5,0.0,4.0,7.0,3.0,1.0,5.0,1,1,0.0,0.0,40.0,0.0,0
852,4,0.0,11.0,8.0,0.0,7.0,2.0,0,1,0.0,0.0,40.0,20.0,0
853,4,1.0,10.0,1.0,0.0,4.0,2.0,1,1,0.0,0.0,45.0,0.0,0
854,5,0.0,8.0,3.0,1.0,1.0,1.0,1,1,0.0,0.0,40.0,3.0,0
855,5,0.0,12.0,6.0,0.0,5.0,0.0,0,1,0.0,0.0,5.0,0.0,0
856,5,5.0,3.0,0.0,2.0,5.0,3.0,0,1,0.0,0.0,40.0,0.0,0
857,5,5.0,2.0,3.0,2.0,1.0,5.0,1,1,0.0,0.0,50.0,0.0,0
858,4,0.0,8.0,3.0,0.0,7.0,2.0,1,1,0.0,0.0,40.0,0.0,0
859,5,1.0,11.0,2.0,1.0,4.0,5.0,1,1,0.0,0.0,55.0,0.0,0
860,5,0.0,8.0,3.0,0.0,7.0,2.0,1,1,0.0,0.0,40.0,0.0,0
861,4,0.0,20.0,8.0,0.0,6.0,2.0,1,1,0.0,0.0,40.0,0.0,0
862,4,3.0,10.0,1.0,1.0,6.0,5.0,0,1,0.0,0.0,40.0,0.0,0
863,4,0.0,5.0,3.0,3.0,7.0,5.0,0,1,0.0,0.0,40.0,0.0,0
864,4,0.0,8.0,3.0,0.0,1.0,2.0,1,1,0.0,0.0,40.0,0.0,0
865,4,0.0,2.0,3.0,1.0,10.0,3.0,0,1,0.0,0.0,40.0,0.0,0
866,4,0.0,13.0,3.0,0.0,1.0,2.0,0,1,0.0,0.0,48.0,0.0,0
867,5,7.0,8.0,0.0,0.0,13.0,2.0,1,1,0.0,0.0,12.0,0.0,0
868,4,0.0,15.0,3.0,2.0,8.0,5.0,1,1,0.0,0.0,40.0,0.0,0
869,5,0.0,9.0,1.0,1.0,3.0,1.0,1,1,0.0,0.0,48.0,13.0,0
870,4,0.0,9.0,0.0,0.0,5.0,2.0,1,1,3.0,0.0,40.0,0.0,0
871,4,0.0,11.0,3.0,0.0,3.0,0.0,0,1,0.0,0.0,35.0,0.0,0
872,5,0.0,4.0,2.0,1.0,6.0,3.0,0,1,0.0,0.0,40.0,0.0,0
873,4,0.0,17.0,3.0,2.0,4.0,3.0,1,1,0.0,0.0,60.0,0.0,0
874,5,0.0,23.0,8.0,4.0,9.0,4.0,1,1,0.0,0.0,45.0,31.0,0
875,4,7.0,4.0,6.0,0.0,13.0,2.0,0,1,0.0,0.0,40.0,0.0,0
876,5,0.0,8.0,3.0,0.0,5.0,0.0,0,1,0.0,0.0,38.0,18.0,0
877,4,0.0,4.0,3.0,0.0,8.0,0.0,1,1,0.0,0.0,40.0,0.0,0
878,5,0.0,5.0,6.0,1.0,4.0,3.0,0,1,0.0,0.0,50.0,0.0,0
879,5,0.0,10.0,1.0,0.0,1.0,2.0,0,1,0.0,0.0,48.0,0.0,0
880,5,0.0,8.0,3.0,0.0,6.0,2.0,1,1,3.0,0.0,40.0,0.0,0
881,4,0.0,2.0,0.0,2.0,6.0,1.0,1,1,0.0,0.0,40.0,0.0,0
882,4,0.0,5.0,3.0,0.0,6.0,2.0,1,1,0.0,0.0,56.0,0.0,0
883,4,5.0,5.0,13.0,0.0,5.0,2.0,0,1,4.0,0.0,40.0,7.0,0
884,4,0.0,4.0,12.0,0.0,3.0,0.0,0,1,0.0,0.0,30.0,8.0,0
885,4,0.0,12.0,2.0,2.0,6.0,5.0,0,1,0.0,0.0,20.0,0.0,0
886,5,5.0,1.0,1.0,1.0,10.0,5.0,0,1,0.0,0.0,38.0,0.0,0
887,5,0.0,10.0,1.0,2.0,8.0,3.0,0,1,0.0,0.0,35.0,0.0,0
888,4,7.0,20.0,12.0,2.0,13.0,1.0,0,1,0.0,0.0,40.0,0.0,0
889,4,7.0,1.0,8.0,0.0,13.0,2.0,0,1,0.0,0.0,99.0,0.0,0
890,4,0.0,16.0,1.0,0.0,7.0,2.0,0,1,0.0,0.0,40.0,0.0,0
891,5,0.0,7.0,12.0,2.0,2.0,1.0,1,1,0.0,0.0,3.0,0.0,0
892,4,0.0,3.0,1.0,1.0,2.0,3.0,0,1,0.0,0.0,40.0,0.0,0
893,5,0.0,6.0,1.0,2.0,12.0,1.0,1,1,0.0,0.0,40.0,0.0,0
894,4,0.0,8.0,3.0,2.0,1.0,1.0,1,1,0.0,0.0,40.0,0.0,0
895,5,7.0,1.0,1.0,2.0,13.0,1.0,0,1,0.0,0.0,40.0,0.0,0
896,4,4.0,12.0,3.0,0.0,1.0,2.0,0,1,0.0,0.0,40.0,0.0,0
897,5,0.0,16.0,0.0,0.0,5.0,0.0,0,1,0.0,0.0,40.0,12.0,0
898,4,0.0,8.0,3.0,2.0,8.0,3.0,0,1,0.0,0.0,42.0,0.0,0
899,4,0.0,15.0,1.0,2.0,12.0,1.0,0,1,0.0,0.0,40.0,5.0,0
900,5,0.0,9.0,3.0,2.0,3.0,4.0,1,1,1.0,0.0,30.0,0.0,0
901,5,0.0,8.0,1.0,2.0,3.0,5.0,0,1,0.0,0.0,25.0,0.0,0
902,4,5.0,15.0,1.0,2.0,8.0,1.0,1,1,0.0,0.0,20.0,0.0,0
903,4,0.0,3.0,3.0,2.0,2.0,1.0,0,1,0.0,0.0,13.0,0.0,0
904,4,0.0,2.0,13.0,2.0,5.0,3.0,1,1,0.0,0.0,40.0,4.0,0
905,5,0.0,8.0,1.0,0.0,3.0,2.0,0,1,0.0,0.0,40.0,0.0,0
906,4,0.0,5.0,3.0,2.0,2.0,4.0,1,1,0.0,0.0,25.0,0.0,0
907,5,0.0,8.0,1.0,1.0,8.0,5.0,1,1,0.0,0.0,30.0,0.0,0
908,5,0.0,14.0,3.0,0.0,7.0,2.0,0,1,0.0,0.0,40.0,0.0,0
909,4,0.0,2.0,3.0,0.0,1.0,2.0,0,1,0.0,0.0,40.0,0.0,0
910,5,0.0,13.0,3.0,2.0,1.0,1.0,1,1,0.0,0.0,50.0,2.0,0
911,5,0.0,17.0,1.0,2.0,3.0,3.0,1,1,0.0,0.0,20.0,15.0,0
912,5,0.0,6.0,3.0,2.0,7.0,3.0,0,1,0.0,0.0,40.0,0.0,0
913,4,0.0,9.0,1.0,2.0,0.0,1.0,1,1,0.0,0.0,40.0,0.0,0
914,4,0.0,13.0,10.0,2.0,5.0,3.0,0,1,0.0,0.0,50.0,0.0,0
915,4,0.0,10.0,1.0,0.0,1.0,2.0,0,1,0.0,0.0,60.0,0.0,0
916,5,0.0,5.0,3.0,0.0,7.0,2.0,1,1,0.0,0.0,65.0,0.0,0
917,4,0.0,9.0,0.0,2.0,2.0,1.0,1,1,0.0,0.0,36.0,0.0,0
918,4,0.0,10.0,0.0,2.0,5.0,3.0,0,1,0.0,0.0,40.0,0.0,0
919,5,7.0,18.0,6.0,2.0,13.0,1.0,1,1,0.0,0.0,15.0,0.0,0
920,4,0.0,1.0,3.0,0.0,7.0,2.0,1,1,0.0,0.0,40.0,0.0,0
921,5,0.0,19.0,2.0,5.0,6.0,5.0,1,1,0.0,0.0,40.0,0.0,0
922,4,1.0,8.0,1.0,0.0,3.0,2.0,0,1,0.0,0.0,50.0,0.0,0
923,5,0.0,8.0,12.0,0.0,1.0,2.0,0,1,0.0,0.0,40.0,0.0,0
924,5,4.0,8.0,3.0,2.0,12.0,1.0,0,1,0.0,0.0,40.0,0.0,0
925,5,0.0,7.0,3.0,0.0,2.0,0.0,0,1,0.0,0.0,40.0,0.0,0
926,5,7.0,6.0,7.0,1.0,13.0,3.0,0,1,0.0,0.0,35.0,0.0,0
927,5,0.0,19.0,1.0,0.0,8.0,0.0,1,1,0.0,0.0,38.0,0.0,0
928,4,0.0,5.0,6.0,0.0,8.0,0.0,0,1,0.0,0.0,40.0,0.0,0
929,4,0.0,7.0,3.0,0.0,1.0,2.0,1,1,0.0,0.0,42.0,0.0,0
930,5,3.0,1.0,3.0,0.0,8.0,2.0,0,1,0.0,0.0,40.0,2.0,0
931,5,0.0,8.0,1.0,1.0,8.0,3.0,0,1,0.0,0.0,40.0,0.0,0
932,4,0.0,8.0,3.0,0.0,3.0,2.0,0,1,0.0,0.0,48.0,0.0,0
933,5,0.0,3.0,3.0,0.0,1.0,2.0,0,1,0.0,0.0,40.0,0.0,0
934,5,3.0,6.0,1.0,2.0,2.0,3.0,0,1,0.0,0.0,10.0,0.0,0
935,5,0.0,4.0,3.0,0.0,1.0,2.0,0,1,0.0,0.0,50.0,0.0,0
936,4,1.0,4.0,12.0,5.0,9.0,3.0,0,1,3.0,0.0,45.0,0.0,0
937,4,0.0,6.0,1.0,2.0,3.0,3.0,0,1,0.0,0.0,60.0,0.0,0
938,5,0.0,1.0,3.0,1.0,10.0,3.0,0,1,0.0,0.0,44.0,0.0,0
939,4,1.0,15.0,3.0,2.0,9.0,1.0,0,1,0.0,0.0,40.0,0.0,0
940,5,1.0,10.0,3.0,0.0,2.0,0.0,1,1,0.0,0.0,50.0,0.0,0
941,4,0.0,9.0,1.0,1.0,8.0,3.0,1,1,0.0,0.0,45.0,0.0,0
942,5,0.0,8.0,3.0,0.0,1.0,2.0,1,1,0.0,0.0,40.0,27.0,0
943,4,0.0,11.0,3.0,2.0,2.0,1.0,0,1,0.0,0.0,20.0,39.0,0
944,5,0.0,4.0,2.0,2.0,6.0,1.0,0,1,0.0,0.0,40.0,4.0,0
945,4,0.0,10.0,0.0,2.0,4.0,3.0,0,1,0.0,0.0,50.0,0.0,0
946,5,5.0,5.0,10.0,2.0,4.0,3.0,0,1,0.0,0.0,40.0,39.0,0
947,4,1.0,11.0,8.0,0.0,10.0,2.0,0,1,0.0,0.0,75.0,0.0,0
948,5,5.0,5.0,10.0,2.0,5.0,3.0,0,1,0.0,0.0,40.0,0.0,0
949,4,0.0,4.0,3.0,3.0,10.0,5.0,1,1,0.0,0.0,45.0,0.0,0
950,4,0.0,17.0,8.0,0.0,7.0,2.0,1,1,0.0,0.0,40.0,0.0,0
951,4,0.0,6.0,3.0,2.0,1.0,3.0,0,1,0.0,0.0,45.0,0.0,0
952,5,5.0,2.0,13.0,2.0,5.0,3.0,0,1,0.0,0.0,60.0,0.0,0
953,5,0.0,1.0,3.0,2.0,8.0,1.0,1,1,0.0,0.0,20.0,0.0,0
954,4,0.0,6.0,0.0,2.0,8.0,1.0,1,1,0.0,0.0,60.0,0.0,0
955,4,0.0,6.0,3.0,1.0,8.0,5.0,0,1,0.0,0.0,40.0,0.0,0
956,5,4.0,7.0,0.0,1.0,4.0,5.0,1,1,0.0,6.0,40.0,0.0,0
957,4,0.0,21.0,6.0,2.0,5.0,3.0,0,1,0.0,0.0,40.0,0.0,0
958,4,0.0,7.0,3.0,2.0,7.0,3.0,0,1,0.0,0.0,52.0,0.0,0
959,5,0.0,2.0,1.0,2.0,11.0,1.0,0,1,0.0,0.0,10.0,0.0,0
960,4,0.0,10.0,12.0,0.0,10.0,2.0,1,1,0.0,0.0,70.0,0.0,0
961,4,0.0,10.0,0.0,1.0,0.0,3.0,0,1,0.0,0.0,40.0,0.0,0
962,4,0.0,7.0,1.0,2.0,3.0,3.0,1,1,0.0,0.0,20.0,0.0,0
963,4,0.0,9.0,1.0,0.0,6.0,2.0,0,1,0.0,0.0,30.0,0.0,0
964,5,0.0,5.0,3.0,0.0,1.0,2.0,0,1,0.0,0.0,40.0,0.0,0
965,4,0.0,27.0,3.0,1.0,2.0,3.0,1,1,0.0,0.0,40.0,0.0,0
966,5,0.0,15.0,5.0,0.0,1.0,2.0,0,1,0.0,0.0,40.0,0.0,0
967,4,0.0,8.0,5.0,2.0,8.0,1.0,1,1,0.0,0.0,20.0,0.0,0
968,5,4.0,17.0,0.0,1.0,5.0,5.0,1,1,0.0,0.0,40.0,0.0,0
969,5,0.0,10.0,7.0,0.0,1.0,2.0,0,1,0.0,0.0,40.0,0.0,0
970,5,0.0,8.0,1.0,1.0,8.0,3.0,1,1,0.0,0.0,40.0,5.0,0
971,5,1.0,6.0,3.0,0.0,3.0,2.0,0,1,0.0,0.0,60.0,0.0,0
972,5,0.0,15.0,1.0,2.0,5.0,3.0,1,1,0.0,0.0,40.0,0.0,0
973,4,0.0,6.0,0.0,2.0,4.0,3.0,0,1,0.0,0.0,40.0,0.0,0
974,4,0.0,20.0,3.0,0.0,1.0,2.0,1,1,0.0,0.0,40.0,0.0,0
975,4,0.0,9.0,7.0,0.0,1.0,2.0,1,1,0.0,0.0,48.0,0.0,0
976,5,0.0,11.0,9.0,2.0,7.0,1.0,0,1,0.0,0.0,40.0,0.0,0
977,4,0.0,12.0,1.0,2.0,8.0,1.0,1,1,0.0,0.0,25.0,39.0,0
978,5,0.0,10.0,3.0,2.0,9.0,1.0,0,1,0.0,0.0,50.0,0.0,0
979,4,0.0,13.0,14.0,2.0,2.0,3.0,0,1,0.0,0.0,50.0,31.0,0
980,5,0.0,10.0,1.0,2.0,4.0,1.0,0,1,0.0,0.0,30.0,0.0,0
981,4,1.0,2.0,3.0,2.0,9.0,4.0,1,1,0.0,0.0,40.0,0.0,0
982,5,5.0,8.0,3.0,2.0,8.0,1.0,1,1,0.0,0.0,40.0,0.0,0
983,5,0.0,11.0,3.0,2.0,8.0,3.0,1,1,0.0,0.0,70.0,0.0,0
984,4,0.0,16.0,3.0,3.0,8.0,5.0,0,1,0.0,0.0,40.0,0.0,0
985,4,0.0,11.0,3.0,0.0,1.0,2.0,1,1,0.0,0.0,40.0,5.0,0
986,5,5.0,5.0,3.0,2.0,8.0,1.0,1,1,0.0,0.0,43.0,0.0,0
987,4,3.0,7.0,3.0,4.0,4.0,3.0,1,1,0.0,0.0,36.0,0.0,0
988,4,0.0,6.0,11.0,0.0,1.0,2.0,0,1,0.0,0.0,40.0,0.0,0
989,5,1.0,7.0,3.0,0.0,3.0,2.0,0,1,0.0,0.0,50.0,0.0,0
990,5,0.0,8.0,3.0,0.0,1.0,2.0,1,1,0.0,0.0,40.0,0.0,0
991,4,0.0,19.0,1.0,2.0,3.0,1.0,0,1,0.0,0.0,24.0,0.0,0
992,4,0.0,11.0,3.0,2.0,8.0,1.0,1,1,0.0,0.0,20.0,0.0,0
993,4,0.0,22.0,0.0,2.0,2.0,3.0,1,1,0.0,0.0,40.0,0.0,0
994,4,0.0,2.0,6.0,0.0,7.0,2.0,1,1,0.0,0.0,48.0,0.0,0
995,4,0.0,3.0,1.0,2.0,8.0,1.0,0,1,0.0,0.0,40.0,0.0,0
996,4,0.0,7.0,6.0,2.0,0.0,3.0,0,1,0.0,0.0,50.0,0.0,0
997,4,1.0,10.0,0.0,2.0,3.0,3.0,0,1,2.0,0.0,50.0,0.0,0
998,4,0.0,5.0,10.0,0.0,5.0,2.0,1,1,0.0,0.0,38.0,0.0,0
999,5,3.0,10.0,1.0,0.0,6.0,2.0,0,1,0.0,0.0,50.0,0.0,0
